state,occupied_perc,smocapi_35ormore_m_perc,smocapi_35more_nm_perc,utilitygas,bottled_tank,electricity,fueloil,coal_coke,wood,solar,other_fuel,total_fuel_user,value_50k_less,value_50000to99999,value_100000to149999,value_150000to199999,value_200000to299999,value_300000to499999,value_500000to999999,value_1M_more,house_median_value,year,date,abbrev,code,primary_key
Alabama,83,17.4,7.4,502880,106166,1260266,2384,666,16377,120,1328,1890187,161749,241400,228046,223735,236050,148026,55368,10849,154000,2019,1/1/2019,Ala.,AL,AL_2019
Alaska,78.8,20.3,9.1,122448,4879,30611,77795,1024,12171,8,2053,250989,9325,7933,10645,16533,45631,55558,16338,1309,281200,2019,1/1/2019,Alaska,AK,AK_2019
Arizona,86.8,19.3,8.8,877561,75036,1614900,2905,373,50942,18646,5815,2646178,122633,97250,131843,221399,499974,455448,175706,38417,255900,2019,1/1/2019,Ariz.,AZ,AZ_2019
Arkansas,83.8,16,6.8,450216,78170,588621,638,67,39897,385,2375,1160369,101881,167625,152835,124710,121982,66060,20980,5736,136200,2019,1/1/2019,Ark.,AR,AR_2019
California,91.6,28.5,11.6,8469893,426530,3497610,30373,1717,181624,108619,39209,12755575,179080,133518,131564,200907,664558,1800185,2792052,1316878,568500,2019,1/1/2019,Calif.,CA,CA_2019
Colorado,90.7,20.7,8.7,1529865,107982,526565,1837,1035,35043,8044,13907,2224278,44843,35874,43539,64143,233693,603236,376650,69934,394600,2019,1/1/2019,Colo.,CO,CO_2019
Connecticut,90.3,22.9,16.5,500471,66974,237614,535420,467,22304,852,8355,1372457,18004,25427,67575,131502,251366,249711,107606,44403,280700,2019,1/1/2019,Conn.,CT,CT_2019
Delaware,84.8,19.3,9.8,159659,38075,132078,38189,271,3032,981,2269,374554,13097,9121,19598,39848,80561,77890,19388,5000,261700,2019,1/1/2019,Del.,DE,DE_2019
District of Columbia,90.3,17.2,9.3,148736,3304,128752,2931,0,0,664,1448,285835,912,374,1835,728,7000,32521,51509,26109,646500,2019,1/1/2019,D.C.,DC,DC_2019
Florida,81.7,25,11.6,368160,65262,7284195,9295,712,11985,14702,3804,7758115,307008,417448,511630,729857,1384430,1258091,486654,142401,245100,2019,1/1/2019,Fla.,FL,FL_2019
Georgia,88,18.5,8,1487548,173271,2141572,5442,274,23072,445,3704,3835328,177000,278940,339071,425070,547290,468062,198180,36959,202500,2019,1/1/2019,Ga.,GA,GA_2019
Hawaii,84.5,31.1,9.7,9823,7151,157002,254,313,1227,16356,444,192570,2405,1696,3403,5900,16357,57866,146938,45395,669200,2019,1/1/2019,Hawaii,HI,HI_2019
Idaho,87.3,17.1,7.7,333883,33933,225718,9851,258,43627,967,5472,653709,25267,23050,43688,66417,133599,122422,46330,8614,255200,2019,1/1/2019,Idaho,ID,ID_2019
Illinois,90.3,19.2,11.4,3750774,205926,828297,7096,1009,19263,1291,22707,4836363,183977,413752,451270,483037,749178,626125,245514,59014,209100,2019,1/1/2019,Ill.,IL,IL_2019
Indiana,88.9,13.4,7.3,1552483,184697,772790,16238,3769,44677,728,12260,2587642,132893,344618,374342,340537,337514,199494,59803,11282,156000,2019,1/1/2019,Ind.,IN,IN_2019
Iowa,90.7,13.9,7.9,780476,165743,304965,4706,611,15032,802,8544,1280879,73794,164273,182204,160585,179655,111163,30257,5949,158900,2019,1/1/2019,Iowa,IA,IA_2019
Kansas,88.4,13.7,7.6,731882,91295,289950,2138,132,15390,284,4571,1135642,82958,139212,117930,122392,150830,105368,32288,5588,163200,2019,1/1/2019,Kans.,KS,KS_2019
Kentucky,87.2,15.6,8,644977,108053,921242,12525,2468,48551,565,5155,1743536,134905,215381,227082,207191,206518,131146,41304,8297,151700,2019,1/1/2019,Ky.,KY,KY_2019
Louisiana,83.3,19.1,8.2,579773,31301,1114041,316,0,7044,1198,695,1734368,126930,160183,179098,221350,253448,154198,48918,13527,172100,2019,1/1/2019,La.,LA,LA_2019
Maine,76.4,19.2,11.6,44750,69241,48008,344869,1140,53927,1047,8428,571410,26831,48445,57414,73854,101894,74866,25174,5641,200500,2019,1/1/2019,Maine,ME,ME_2019
Maryland,90.1,18.6,10,976786,78176,939646,176841,1270,24667,8242,10267,2215895,39400,43342,80242,127431,351211,517518,281163,47861,332500,2019,1/1/2019,Md.,MD,MD_2019
Massachusetts,90.5,21.5,13.4,1385815,98388,448883,646103,1433,32105,3549,21544,2637820,27011,17889,40953,90209,268135,594450,496027,113073,418600,2019,1/1/2019,Mass.,MA,MA_2019
Michigan,85.7,16.3,9.8,3031018,335186,403782,39166,911,105400,997,35628,3952088,282971,433938,470166,500202,590494,411357,126643,25424,169600,2019,1/1/2019,Mich.,MI,MI_2019
Minnesota,89.7,14.5,8.2,1471186,249094,385188,34406,299,44412,548,22109,2207242,69395,99693,151146,241440,474549,415777,126624,19772,246700,2019,1/1/2019,Minn.,MN,MN_2019
Mississippi,82.2,19.5,8.2,317472,125039,638273,1503,0,13671,155,777,1096890,106910,183716,127477,126057,117523,56189,18125,4654,128200,2019,1/1/2019,Miss.,MS,MS_2019
Missouri,87.2,14.9,8.7,1225703,222354,912838,5673,436,74529,1656,7678,2450867,141819,265152,299785,290689,335207,230239,72736,14392,168000,2019,1/1/2019,Mo.,MO,MO_2019
Montana,84.2,21.5,10,225502,59192,114538,3748,383,29920,329,3064,436676,22980,21526,23460,39772,76035,79523,31865,6295,253600,2019,1/1/2019,Mont.,MT,MT_2019
Nebraska,90.6,13.5,8.7,456589,57234,235857,3126,111,8869,135,5940,767861,37214,71695,93575,103495,114217,68070,19106,3998,172700,2019,1/1/2019,Nebr.,NE,NE_2019
Nevada,88.9,21,8.1,664388,29867,413115,5404,241,14014,3853,6562,1137444,22957,16496,26768,48944,178815,247537,88872,17129,317800,2019,1/1/2019,Nev.,NV,NV_2019
New Hampshire,84.3,20.8,14.9,115248,94024,53861,227725,606,34512,632,9508,536116,13752,17763,27350,43095,112136,126840,37481,5749,281400,2019,1/1/2019,N.H.,NH,NH_2019
New Jersey,90.2,24.6,17.9,2474295,71419,448114,241742,1220,10368,5284,13323,3265765,44012,52518,99937,186855,442111,724826,455676,75863,348800,2019,1/1/2019,N.J.,NJ,NJ_2019
New Mexico,83.7,21.7,8.2,490135,49317,179609,1529,833,56217,4099,9628,791367,57216,67090,74856,104422,116185,81029,30320,8934,180900,2019,1/1/2019,N.M.,NM,NM_2019
New York,88.6,24.4,14.5,4519999,319576,911445,1393560,16959,114011,8697,79096,7363343,161011,355269,410947,375711,518816,847368,964341,352053,338700,2019,1/1/2019,N.Y.,NY,NY_2019
North Carolina,85.2,17.7,7.9,988773,265965,2600265,106305,1198,57333,1951,6277,4028067,193492,342098,401374,434695,575987,480462,180998,33603,193200,2019,1/1/2019,N.C.,NC,NC_2019
North Dakota,85.1,12.3,6.9,129531,44922,133513,6600,682,1116,13,4501,320878,17030,22550,22210,34159,52633,37041,10446,2342,205400,2019,1/1/2019,N.D.,ND,ND_2019
Ohio,90.4,14.4,8.1,3075761,253741,1167397,96389,3007,75416,942,38014,4710667,243405,593771,626149,560671,609321,365040,106756,18620,157200,2019,1/1/2019,Ohio,OH,OH_2019
Oklahoma,85.5,15.4,7.2,762649,100215,591171,2397,115,22905,311,11345,1491108,108740,199836,192710,175250,167402,95448,31017,9495,147000,2019,1/1/2019,Okla.,OK,OK_2019
Oregon,91.2,21.4,11,608187,29180,865085,26802,339,98494,1877,12653,1642617,47174,27867,37134,63046,211755,408171,213754,28224,354600,2019,1/1/2019,Ore.,OR,OR_2019
Pennsylvania,89.3,17.4,10.2,2634591,235490,1222377,792365,53191,117969,4241,36216,5096440,230550,478302,520637,597582,785758,618757,228300,41938,192600,2019,1/1/2019,Pa.,PA,PA_2019
Rhode Island,86.6,20.9,12.2,225120,14493,41783,116413,42,5906,243,2180,406180,5163,3655,10275,29179,92624,77501,27783,4966,283000,2019,1/1/2019,R.I.,RI,RI_2019
South Carolina,84,18.1,8,464662,68110,1400895,12243,90,13860,3591,1813,1965264,135457,200591,209365,232151,281764,214722,92489,21953,179800,2019,1/1/2019,S.C.,SC,SC_2019
South Dakota,88.1,16.5,7.5,164029,57650,114940,5362,74,4959,82,4380,351476,26765,26759,31889,46658,56854,38587,10845,1574,185000,2019,1/1/2019,S.D.,SD,SD_2019
Tennessee,87.7,16.8,6.8,830737,98977,1660360,8693,1306,42520,245,3238,2646076,123863,248982,263730,284903,388016,305117,122950,28159,191900,2019,1/1/2019,Tenn.,TN,TN_2019
Texas,88.5,19.5,9.3,3499082,283573,6101773,6632,1333,28184,11312,9955,9941844,480456,823717,819668,958996,1405305,1142108,436207,112821,200400,2019,1/1/2019,Tex.,TX,TX_2019
Utah,90.3,16.9,5.1,827604,23489,151639,826,904,11231,2435,4121,1022249,24315,11231,28136,48911,195717,282326,115967,16685,330300,2019,1/1/2019,Utah,UT,UT_2019
Vermont,77.4,19.3,13.1,48826,48270,16723,108658,297,34473,547,4727,262521,7880,12459,22080,32843,50735,46458,11875,1922,233200,2019,1/1/2019,Vt.,VT,VT_2019
Virginia,89.6,17.8,7.2,1041958,135500,1793634,131931,1355,60480,2552,9895,3177305,86582,124031,184357,258623,448890,544606,394218,69406,288800,2019,1/1/2019,Va.,VA,VA_2019
Washington,91.8,20.7,8.7,1001906,86647,1652260,47771,652,108817,2748,18055,2918856,57269,42080,58060,109901,319282,652487,482999,127614,387600,2019,1/1/2019,Wash.,WA,WA_2019
West Virginia,81.4,15.5,6.4,290668,38333,328031,19681,4091,39813,254,5596,726467,89374,125243,98633,83551,82194,43228,10110,2235,124600,2019,1/1/2019,W.Va.,WV,WV_2019
Wisconsin,87.6,15.5,9.1,1570313,285657,384000,41457,459,71833,567,18410,2372696,68691,169969,272125,305534,407783,285099,79888,14817,197200,2019,1/1/2019,Wis.,WI,WI_2019
Wyoming,83.2,15.3,7.7,138003,28099,53068,199,1341,9447,102,1814,232073,13307,8743,13298,30210,50316,35416,11485,4807,235200,2019,1/1/2019,Wyo.,WY,WY_2019
Alabama,81.6,18.3,8.4,502864,104577,1218383,2525,539,15891,204,2054,1847037,161429,254617,223994,202916,226217,137880,47260,7944,147900,2018,1/1/2018,Ala.,AL,AL_2018
Alaska,80,21.9,10,122020,5640,34656,73236,926,12918,50,2616,252062,9397,9409,11576,16359,49095,54529,15426,1317,276100,2018,1/1/2018,Alaska,AK,AK_2018
Arizona,86.1,20.2,9.1,858830,74563,1578580,2817,417,51457,18031,5123,2589818,126751,108349,156215,244136,472517,403029,151970,31400,241100,2018,1/1/2018,Ariz.,AZ,AZ_2018
Arkansas,83.8,17.4,8,427676,82510,598185,1607,0,39943,399,2762,1153082,101744,176599,151222,123783,112947,65744,21155,7207,133100,2018,1/1/2018,Ark.,AR,AR_2018
California,91.6,29.4,12.5,8342368,426163,3496270,33503,1595,182905,95807,43762,12622373,192017,141483,155359,232591,696484,1839730,2667251,1240749,546800,2018,1/1/2018,Calif.,CA,CA_2018
Colorado,89.8,20.7,9.2,1502352,103320,503980,2500,575,34473,6536,13583,2167319,49054,40912,51312,88223,251784,551903,328969,55824,373300,2018,1/1/2018,Colo.,CO,CO_2018
Connecticut,90.6,23.5,18.1,497422,60526,232420,549036,943,22954,1579,8782,1373662,18133,27730,73088,135794,252266,250473,107033,42254,277400,2018,1/1/2018,Conn.,CT,CT_2018
Delaware,83.8,23,10.9,157776,37299,122903,42215,246,2904,831,2412,366586,15020,10592,19377,38024,77217,77480,18457,4978,255300,2018,1/1/2018,Del.,DE,DE_2018
District of Columbia,90,19.4,13.3,146306,3024,129222,2581,19,0,434,2110,283696,1499,1044,1344,1911,9424,31797,49921,24600,617900,2018,1/1/2018,D.C.,DC,DC_2018
Florida,81.8,25.7,12.8,365966,63395,7210000,11959,402,10182,7099,4502,7673505,335575,493007,564194,758914,1284745,1117595,455184,139028,230600,2018,1/1/2018,Fla.,FL,FL_2018
Georgia,87.9,19.1,9.2,1473926,173300,2101878,7125,323,25156,427,4115,3786250,179468,325362,365859,414342,512455,418381,175870,34698,189900,2018,1/1/2018,Ga.,GA,GA_2018
Hawaii,83.4,29.5,8.7,11004,7370,134854,215,92,1301,16595,253,171684,1971,3620,4078,5247,17865,59939,129343,43301,631700,2018,1/1/2018,Hawaii,HI,HI_2018
Idaho,87,18.8,6.3,334824,31162,212296,10065,378,44366,442,5177,638710,22652,30570,51672,77696,124731,109474,29757,6364,233100,2018,1/1/2018,Idaho,ID,ID_2018
Illinois,90.5,20.6,12.9,3738735,201831,841843,5481,1064,19248,1037,24479,4833718,192581,422271,451926,511873,720028,602422,246446,62566,203400,2018,1/1/2018,Ill.,IL,IL_2018
Indiana,89.5,14.8,8,1548536,184265,777784,16551,3008,47601,970,10698,2589413,146135,376441,394172,329256,299262,178298,56876,11309,147300,2018,1/1/2018,Ind.,IN,IN_2018
Iowa,89.9,14.6,8.4,779024,165484,286768,6203,180,14855,725,8571,1261810,77434,180511,186423,152388,171170,107672,23665,4488,152000,2018,1/1/2018,Iowa,IA,IA_2018
Kansas,88.5,15.5,9.9,733557,89272,283269,2777,237,16680,235,4188,1130215,79876,140897,127478,125107,146773,95112,29092,5486,159400,2018,1/1/2018,Kans.,KS,KS_2018
Kentucky,86.8,17.3,9.2,636965,110523,911907,14000,3380,43532,508,5635,1726450,137766,225279,229209,206699,199446,121139,38999,9192,148100,2018,1/1/2018,Ky.,KY,KY_2018
Louisiana,83.7,20,8.2,572612,30367,1118248,1084,91,7104,1365,1418,1732289,128227,171692,182226,213251,236182,149259,45576,11111,167300,2018,1/1/2018,La.,LA,LA_2018
Maine,76.4,19.2,11.9,44328,61194,41759,355904,1103,54843,1169,8683,568983,27301,46793,62706,69072,100651,71354,22661,5688,197500,2018,1/1/2018,Maine,ME,ME_2018
Maryland,90.1,19.5,10.3,956824,80754,944809,176897,2673,26454,6019,9623,2204053,40655,51279,89181,129659,353548,509373,260990,47984,324800,2018,1/1/2018,Md.,MD,MD_2018
Massachusetts,90,22.7,16.3,1374460,92227,434646,657583,1627,28621,3078,20618,2612860,23748,20789,47436,99492,292166,572991,458150,105940,400700,2018,1/1/2018,Mass.,MA,MA_2018
Michigan,85.8,17,11.4,3009520,332085,407077,40558,891,110656,1280,36367,3938434,305613,464096,492633,484374,552961,374439,119965,23403,162500,2018,1/1/2018,Mich.,MI,MI_2018
Minnesota,89.4,15.5,9.4,1431179,237190,397513,37345,437,43772,635,27162,2175233,69519,105052,171114,259729,459715,365907,118802,18101,235400,2018,1/1/2018,Minn.,MN,MN_2018
Mississippi,83.2,19,9.9,329840,123545,634392,3171,0,12482,180,1222,1104832,126140,184527,133006,120385,118273,54220,14798,4846,123300,2018,1/1/2018,Miss.,MS,MS_2018
Missouri,86.8,15.8,9.2,1218643,213759,902139,4966,882,77808,870,9010,2428077,146715,273376,301792,291401,325397,201836,71354,13983,162600,2018,1/1/2018,Mo.,MO,MO_2018
Montana,83.7,21.8,10.5,225236,56685,105015,3734,383,34624,112,3890,429679,19641,20756,27471,38070,76360,72866,28559,7295,249200,2018,1/1/2018,Mont.,MT,MT_2018
Nebraska,90.6,14.4,9.9,460086,58072,226898,3114,44,8610,295,5144,762263,44092,75402,105100,100337,97706,63923,15725,3381,161800,2018,1/1/2018,Nebr.,NE,NE_2018
Nevada,89.1,22.6,8.3,646974,26003,417183,5834,90,17336,2975,7316,1123711,25949,20767,37232,60025,193272,218751,70653,14902,292200,2018,1/1/2018,Nev.,NV,NV_2018
New Hampshire,83.2,20.2,16,113986,86695,50260,232152,641,35632,411,8224,528001,16229,16575,30038,47005,113372,116447,32923,6153,270000,2018,1/1/2018,N.H.,NH,NH_2018
New Jersey,89.6,25.7,18.9,2435183,67930,437888,258889,992,12069,4626,14313,3231890,49934,54308,111026,187467,447341,709806,439086,79980,344000,2018,1/1/2018,N.J.,NJ,NJ_2018
New Mexico,84.2,22.9,8.7,501370,57254,165963,1081,338,53840,3081,7711,790638,57622,65750,83480,97672,113120,72925,27048,7732,174700,2018,1/1/2018,N.M.,NM,NM_2018
New York,88.1,25.6,15.9,4397917,308020,890554,1459976,16943,120159,6022,82621,7282212,172766,364799,417244,372002,531638,874661,886233,334442,325500,2018,1/1/2018,N.Y.,NY,NY_2018
North Carolina,85.6,18.7,8.7,992077,268167,2552432,111718,317,62478,1202,5059,3993450,195262,385695,432747,438308,522716,437356,169082,31738,180600,2018,1/1/2018,N.C.,NC,NC_2018
North Dakota,84.6,11.4,8.3,129563,45025,128042,7346,630,1240,12,3831,315689,21151,22521,23273,33663,53140,34408,10029,1282,198700,2018,1/1/2018,N.D.,ND,ND_2018
Ohio,89.8,16,9,3067626,244785,1137973,93915,3439,78335,796,38880,4665749,256342,616521,655486,548703,561310,335811,95794,16259,151100,2018,1/1/2018,Ohio,OH,OH_2018
Oklahoma,85.2,16.5,8.3,759085,100674,584523,3353,578,22935,168,10644,1481960,113376,215468,193131,168728,151422,89821,31823,8221,140000,2018,1/1/2018,Okla.,OK,OK_2018
Oregon,91.7,23,11.1,617243,26707,845916,28320,85,100126,2130,12903,1633430,51279,30362,45024,72276,217597,380712,203688,23915,341800,2018,1/1/2018,Ore.,OR,OR_2018
Pennsylvania,88.8,18.5,11.7,2592386,225476,1198450,806761,57582,128110,2197,35172,5046134,241170,490116,544476,608710,756336,585197,212753,39887,186000,2018,1/1/2018,Pa.,PA,PA_2018
Rhode Island,86.7,24.3,15.5,226173,11618,41491,117880,132,4634,313,2687,404928,6013,5218,13998,32373,88740,74968,23761,6283,273800,2018,1/1/2018,R.I.,RI,RI_2018
South Carolina,83.2,19.6,9.4,438188,67015,1382708,15078,108,13882,2142,2209,1921330,143944,209961,210360,214176,264317,190630,81703,20395,170800,2018,1/1/2018,S.C.,SC,SC_2018
South Dakota,86.9,14.8,8.4,161455,55267,109872,5712,203,6415,5,4023,342952,25533,31751,36746,44137,50490,33952,9747,2131,171500,2018,1/1/2018,S.D.,SD,SD_2018
Tennessee,87,18,7.7,825532,88075,1627963,10401,104,38979,274,3642,2594970,125250,269048,285889,297996,359756,263741,99741,22563,177500,2018,1/1/2018,Tenn.,TN,TN_2018
Texas,88.1,20.5,10,3472727,276111,5927999,8778,1349,27474,7922,13405,9735765,496200,904640,895032,951479,1265053,1014360,406459,100859,186000,2018,1/1/2018,Tex.,TX,TX_2018
Utah,90.1,16.5,7,820514,20935,134529,1034,826,12921,1694,4343,996796,25113,13768,32934,67090,207704,253484,90013,13877,303300,2018,1/1/2018,Utah,UT,UT_2018
Vermont,77.5,22.7,18.1,47328,44423,14122,108961,532,40731,819,3930,260846,7851,11764,22643,33450,54390,42724,13133,2843,233100,2018,1/1/2018,Vt.,VT,VT_2018
Virginia,89.7,18.5,9.3,1054657,131055,1757556,139770,1459,66813,1606,9664,3162580,92154,136973,186457,265994,441955,535969,370876,62827,281700,2018,1/1/2018,Va.,VA,VA_2018
Washington,92,21.4,11,1002191,90813,1617610,46311,290,108328,2291,16429,2884263,64706,45128,78671,121172,342392,600582,447967,118370,373100,2018,1/1/2018,Wash.,WA,WA_2018
West Virginia,82.2,17.3,7.9,295605,34254,332682,22321,3680,39801,174,4429,732946,85199,134217,99854,82624,77749,40816,9935,2280,121300,2018,1/1/2018,W.Va.,WV,WV_2018
Wisconsin,87.5,16.6,10.3,1565341,276217,369997,44391,434,79848,693,21354,2358275,71756,185909,294745,303682,396683,255882,69064,14719,188500,2018,1/1/2018,Wis.,WI,WI_2018
Wyoming,82.6,17.3,8.2,141898,22466,51421,534,872,10778,277,1027,229273,12798,7638,15284,29468,48266,30868,12702,4788,230500,2018,1/1/2018,Wyo.,WY,WY_2018
Alabama,81.5,17.4,7.4,494568,106561,1213135,2594,100,16806,60,1438,1835262,167237,262856,233845,201043,209569,125711,43631,9307,141300,2017,1/1/2017,Ala.,AL,AL_2017
Alaska,79.1,21.3,10.4,120375,4456,33262,74844,571,12492,194,2365,248559,11347,6983,10374,18203,44537,53198,13400,1302,273100,2017,1/1/2017,Alaska,AK,AK_2017
Arizona,85.1,21.2,8.7,830017,69551,1560459,1069,232,49249,17871,3987,2532435,123521,127376,193371,273719,418615,354447,134311,26961,223400,2017,1/1/2017,Ariz.,AZ,AZ_2017
Arkansas,84.2,15.9,6.7,440170,75397,591893,1380,0,38367,270,3151,1150628,102510,180357,157926,120999,111757,55947,18868,4035,128500,2017,1/1/2017,Ark.,AR,AR_2017
California,91.7,29.6,12.7,8370720,420817,3452150,32051,1464,197217,80261,40946,12595626,190316,155554,184328,274885,781917,1912655,2554234,1071201,509400,2017,1/1/2017,Calif.,CA,CA_2017
Colorado,89.7,19.7,9.1,1483056,98538,483786,1823,1049,39595,7200,14457,2129504,47265,42170,60134,105522,292816,522714,277488,46715,348900,2017,1/1/2017,Colo.,CO,CO_2017
Connecticut,89.4,23.4,16.7,478136,55608,219208,562247,1523,24510,1029,10257,1352518,16118,28007,80822,143985,242448,235988,108670,42196,273100,2017,1/1/2017,Conn.,CT,CT_2017
Delaware,82.7,21.1,10.7,156142,33703,123152,36593,158,3642,646,2371,356407,12385,9685,18063,39293,82701,68479,19698,3644,252800,2017,1/1/2017,Del.,DE,DE_2017
District of Columbia,89.4,20.1,8.8,149570,2821,119653,4057,0,58,196,1738,278093,1494,1149,471,1918,11800,30352,49622,21999,607200,2017,1/1/2017,D.C.,DC,DC_2017
Florida,81.4,25.5,12.5,351403,62817,7100222,10763,817,10638,6965,4716,7548341,363055,557574,623599,783330,1172577,988812,394938,126302,214000,2017,1/1/2017,Fla.,FL,FL_2017
Georgia,87.5,19.4,8.5,1470240,170519,2050296,6546,699,26267,469,4624,3729660,194008,344833,398364,412476,455866,360467,155582,33326,173700,2017,1/1/2017,Ga.,GA,GA_2017
Hawaii,84.4,29.5,10,10364,6467,130309,189,64,2073,16519,131,166116,2082,3482,4983,5403,21782,57643,130921,41782,617400,2017,1/1/2017,Hawaii,HI,HI_2017
Idaho,86.6,18,7.8,329995,32187,204963,7477,62,43339,226,4756,623005,23034,33612,65043,86323,115428,84745,22830,4478,207100,2017,1/1/2017,Idaho,ID,ID_2017
Illinois,89.7,20.7,12.6,3728718,195290,801287,7702,824,19892,1094,24548,4779355,196307,451703,483387,499847,688930,572681,232691,56686,195300,2017,1/1/2017,Ill.,IL,IL_2017
Indiana,88.6,14.2,7.6,1525035,179223,764022,16008,2966,48935,722,11356,2548267,147844,403312,402718,311073,276335,163886,49105,11227,141100,2017,1/1/2017,Ind.,IN,IN_2017
Iowa,90,13.6,8,777947,161999,277510,6365,443,16193,680,9336,1250473,77293,188093,187979,158777,162929,96297,24241,4753,149100,2017,1/1/2017,Iowa,IA,IA_2017
Kansas,88.6,14,9.3,742848,79341,280820,974,394,16615,264,4612,1125868,81520,154904,133457,124581,134164,85702,24557,4623,150600,2017,1/1/2017,Kans.,KS,KS_2017
Kentucky,86.9,16.3,8.1,643422,100860,901970,14545,3564,47810,429,6919,1719519,144616,227588,242289,194766,187109,107896,34804,7600,141000,2017,1/1/2017,Ky.,KY,KY_2017
Louisiana,84.3,19.6,8.5,570226,35678,1113152,958,142,8584,1348,1485,1731573,130930,183828,189024,213645,234237,126736,43422,10407,162500,2017,1/1/2017,La.,LA,LA_2017
Maine,72.8,20,10.6,41841,61816,36406,331541,1301,54454,1228,10328,538915,27443,48515,62348,70749,95544,65839,20453,4918,191200,2017,1/1/2017,Maine,ME,ME_2017
Maryland,90.1,20.2,10.3,965820,75324,923094,186636,2323,27746,5490,9325,2195758,39951,60416,93751,143202,361761,480298,247447,45674,312500,2017,1/1/2017,Md.,MD,MD_2017
Massachusetts,90,22,15.9,1353682,88756,418715,674937,2198,34421,3525,19989,2596223,21460,21138,56097,112507,314771,583693,413990,99859,385400,2017,1/1/2017,Mass.,MA,MA_2017
Michigan,85.5,17,10.6,3006588,321684,386300,40755,1377,115077,603,37804,3910188,323639,500772,511159,488611,516042,336515,104185,22449,155700,2017,1/1/2017,Mich.,MI,MI_2017
Minnesota,88.7,15.4,8.1,1432941,221643,386925,35786,676,41056,1397,24923,2145347,66445,122433,179962,286684,441213,327987,104658,18212,224000,2017,1/1/2017,Minn.,MN,MN_2017
Mississippi,82.5,19.4,8.4,330678,122558,620169,3032,111,10490,72,1520,1088630,126792,187069,138134,116241,107841,51083,15863,5032,120200,2017,1/1/2017,Miss.,MS,MS_2017
Missouri,85.4,16,8.4,1213154,202547,867102,4488,26,80774,648,9429,2378168,147638,289136,315159,285683,301098,187402,56265,14489,156700,2017,1/1/2017,Mo.,MO,MO_2017
Montana,82.9,20.6,9,229832,52646,98887,3934,175,30846,114,3871,420305,22036,23588,29978,44445,82087,62268,21623,6560,231300,2017,1/1/2017,Mont.,MT,MT_2017
Nebraska,90.1,14.9,9.1,445517,50971,239512,3012,195,7556,130,4409,751302,40985,84351,111423,95649,95802,54410,14210,3256,155800,2017,1/1/2017,Nebr.,NE,NE_2017
Nevada,87.6,22.9,8.1,639476,27839,393340,7045,368,14295,2552,5049,1089964,26580,28855,50280,84320,197702,166992,52593,11987,258200,2017,1/1/2017,Nev.,NV,NV_2017
New Hampshire,83.3,19.7,15.4,111070,90341,47927,227681,693,37912,575,8850,525049,15386,15104,27083,52247,120861,102722,30513,5121,263600,2017,1/1/2017,N.H.,NH,NH_2017
New Jersey,89,25.8,20.5,2425008,62490,415119,271265,990,11994,4801,12938,3204605,46058,57493,113361,197538,464860,689776,412217,72626,334900,2017,1/1/2017,N.J.,NJ,NJ_2017
New Mexico,81.8,22.8,9.6,494471,51066,158057,1105,397,49638,3019,7689,765442,54512,67107,90334,99888,107744,70564,23453,7848,171300,2017,1/1/2017,N.M.,NM,NM_2017
New York,87.7,25.9,15.6,4339349,294973,867925,1496843,17881,122088,5988,77386,7222433,171301,390467,420781,371938,540004,902166,824102,309274,314500,2017,1/1/2017,N.Y.,NY,NY_2017
North Carolina,85.6,18.2,8.3,961624,267466,2521984,114839,1543,62299,1849,6703,3938307,209860,390480,473129,435160,506772,386600,153580,31035,171200,2017,1/1/2017,N.C.,NC,NC_2017
North Dakota,84.4,11.3,7.7,127069,43794,128773,8374,508,1585,39,3510,313652,20291,23401,26731,32888,52093,34122,9859,1169,194700,2017,1/1/2017,N.D.,ND,ND_2017
Ohio,89.7,15,9,3055871,240591,1123993,96574,3832,85300,898,39092,4646151,261599,667903,680674,531406,528745,295908,87437,16509,144200,2017,1/1/2017,Ohio,OH,OH_2017
Oklahoma,84.8,17.9,7.6,760664,93322,579530,3973,161,21329,140,8149,1467268,119800,213076,194852,168722,148882,83062,27899,6190,137400,2017,1/1/2017,Okla.,OK,OK_2017
Oregon,90.7,24.2,13.4,621832,27026,806011,28959,230,99590,1684,11318,1596650,48843,33350,52868,93135,234853,346410,171958,25598,319200,2017,1/1/2017,Ore.,OR,OR_2017
Pennsylvania,88,17.7,11.1,2598275,222650,1158937,790353,52874,127198,2225,35586,4988098,240605,500459,559738,595054,734210,553313,200890,36748,181200,2017,1/1/2017,Pa.,PA,PA_2017
Rhode Island,87.3,23.9,15.4,216466,12165,43380,126191,190,5952,47,2845,407236,5073,5015,16446,43497,82086,68433,23133,5040,257800,2017,1/1/2017,R.I.,RI,RI_2017
South Carolina,83.4,19.3,8.8,415962,65032,1380808,15188,325,14996,1461,2556,1896328,150862,212827,229365,215130,238714,169972,73176,19624,161800,2017,1/1/2017,S.C.,SC,SC_2017
South Dakota,87.7,14.1,7.9,161222,51864,111476,7317,196,5105,83,4450,341713,26124,35810,36419,44840,50133,30005,8044,1717,167600,2017,1/1/2017,S.D.,SD,SD_2017
Tennessee,87.5,18,7.4,819872,97227,1608010,9740,637,41106,927,2180,2579699,135226,289732,300706,294341,332619,227888,92112,21166,167500,2017,1/1/2017,Tenn.,TN,TN_2017
Texas,88,19.1,9.6,3422516,281245,5824591,9195,642,28835,5484,12979,9585487,538375,971127,978817,957220,1166461,915187,343732,93264,172200,2017,1/1/2017,Tex.,TX,TX_2017
Utah,89.9,16.4,6.2,799822,19585,134315,889,960,11408,2271,4562,973812,22616,16842,44490,93739,212131,208869,70557,12319,275100,2017,1/1/2017,Utah,UT,UT_2017
Vermont,76.5,23.5,16.2,47036,43339,14035,107395,463,38840,612,3997,255717,8205,12217,21754,32075,49523,40337,12259,2035,226300,2017,1/1/2017,Vt.,VT,VT_2017
Virginia,88.8,18.8,7.5,1041717,137068,1708026,140235,2039,69309,892,8177,3107463,92104,135852,198673,274282,449509,509098,360057,57842,273400,2017,1/1/2017,Va.,VA,VA_2017
Washington,91.5,21,10.2,974414,83993,1599616,46277,586,107887,1241,14704,2828718,63791,57559,96450,149891,394719,552868,377715,90556,339000,2017,1/1/2017,Wash.,WA,WA_2017
West Virginia,80.2,16.8,7.1,288530,37545,316115,20958,3815,43857,179,2873,713872,86202,130525,95050,80701,73225,39946,10520,2713,119800,2017,1/1/2017,W.Va.,WV,WV_2017
Wisconsin,87.2,16.4,9.5,1534863,266776,383680,45798,601,82968,696,22657,2338039,71787,199947,313502,305522,372458,226846,64039,11498,178900,2017,1/1/2017,Wis.,WI,WI_2017
Wyoming,81.6,17.4,8.9,137155,21945,49131,548,910,12744,309,2081,224823,14950,9557,19387,28736,44171,28848,10234,3909,214300,2017,1/1/2017,Wyo.,WY,WY_2017
Alabama,83.1,19.4,8.2,528624,110784,1184158,2853,104,17764,84,776,1845147,174251,278950,243638,203651,201890,117813,38396,9549,136200,2016,1/1/2016,Ala.,AL,AL_2016
Alaska,80,19.5,8.7,121177,3726,30368,70918,915,16416,0,3627,247147,10496,8979,9888,16914,47773,50587,14353,1225,267800,2016,1/1/2016,Alaska,AK,AK_2016
Arizona,85.1,22,9.4,813741,68204,1551914,2113,210,46732,11575,5825,2500314,128237,155905,208381,278410,385489,299599,111822,25171,205900,2016,1/1/2016,Ariz.,AZ,AZ_2016
Arkansas,84.3,15.6,7.4,443158,75539,575287,1155,0,41774,56,3194,1140163,102055,188372,151684,116973,102667,55032,16848,4001,123300,2016,1/1/2016,Ark.,AR,AR_2016
California,92.1,30,12.2,8286377,411060,3461462,29687,1138,201493,66105,45885,12503207,204173,175434,215956,309367,844036,1929081,2320355,945026,477500,2016,1/1/2016,Calif.,CA,CA_2016
Colorado,90.2,20.3,8.9,1462841,98087,478032,1715,801,38336,5288,15365,2100465,47189,48228,73646,139658,333962,460344,223158,39647,314200,2016,1/1/2016,Colo.,CO,CO_2016
Connecticut,90.5,23.7,15.7,476852,55631,230532,554283,1538,23580,900,9232,1352548,16501,29062,80126,132925,237085,239198,104247,39929,274600,2016,1/1/2016,Conn.,CT,CT_2016
Delaware,82.4,20.2,8.2,150877,37262,114528,40914,300,3808,316,1751,349756,10564,11407,24009,41114,76064,64136,14958,2753,243400,2016,1/1/2016,Del.,DE,DE_2016
District of Columbia,89.7,20.2,11.7,149306,2508,120323,3787,80,37,75,1710,277826,1227,1501,1526,2831,11991,28130,44083,19087,576100,2016,1/1/2016,D.C.,DC,DC_2016
Florida,81.4,26.9,12.7,342799,67492,6995113,8892,617,11639,3315,3719,7433586,371618,635908,669706,782790,1076770,849377,354970,115986,197700,2016,1/1/2016,Fla.,FL,FL_2016
Georgia,87.4,19.8,9,1453586,169822,2007390,6691,417,31445,183,3407,3672941,208321,367993,397909,392984,414525,320420,138753,27701,166800,2016,1/1/2016,Ga.,GA,GA_2016
Hawaii,84.9,28.3,9.7,9951,5212,129907,253,187,668,16750,460,163388,3153,2891,4661,7166,23131,60815,123571,35238,592000,2016,1/1/2016,Hawaii,HI,HI_2016
Idaho,87.2,18.6,7.1,317194,29878,204797,8601,570,41276,248,5754,608318,24891,36649,75999,87314,100420,68411,20978,3555,189400,2016,1/1/2016,Idaho,ID,ID_2016
Illinois,90.5,21.6,12.7,3737533,198339,796090,6534,851,22615,893,25076,4787931,202912,473824,499072,509933,660146,528636,221004,51331,186500,2016,1/1/2016,Ill.,IL,IL_2016
Indiana,88.7,14,7.1,1521013,177100,740225,16749,2582,56087,979,10876,2525611,156189,415868,408606,301198,259892,138287,43483,7898,134800,2016,1/1/2016,Ind.,IN,IN_2016
Iowa,90.4,14.1,7.7,758616,161914,287406,5726,422,16908,619,9885,1241496,78668,194002,195867,150333,153227,83091,21291,4956,142300,2016,1/1/2016,Iowa,IA,IA_2016
Kansas,88.1,14.8,8.2,726993,82676,273250,1671,39,18748,314,3539,1107230,86475,154043,137710,126267,124184,71173,24959,4581,144900,2016,1/1/2016,Kans.,KS,KS_2016
Kentucky,87.4,16.8,8.7,639630,105573,898114,14744,3923,43963,448,7136,1713531,144798,245545,253142,191897,174882,98110,31522,8279,135600,2016,1/1/2016,Ky.,KY,KY_2016
Louisiana,84.5,20.6,7.7,574827,36189,1091269,920,61,8878,1275,1698,1715117,133875,183198,193882,208705,215855,117835,41612,10748,158000,2016,1/1/2016,La.,LA,LA_2016
Maine,72.8,21.2,11.9,41879,52621,33543,333900,985,55290,312,11584,530114,28365,48700,63342,67724,92851,57419,19327,4388,184700,2016,1/1/2016,Maine,ME,ME_2016
Maryland,89.7,21.5,11.2,964198,74399,907586,196298,2653,25816,3543,9849,2184342,38586,56837,93821,155175,358912,459898,239569,43155,306900,2016,1/1/2016,Md.,MD,MD_2016
Massachusetts,90.2,22,14.7,1332610,81858,405055,688925,2438,35051,2421,19478,2567836,21915,22715,64481,130633,330093,577958,367815,83320,366900,2016,1/1/2016,Mass.,MA,MA_2016
Michigan,85.2,17.6,11.2,2981789,318742,368144,43761,934,116271,821,36305,3866767,340755,537911,514824,462006,461919,299346,95497,19025,147100,2016,1/1/2016,Mich.,MI,MI_2016
Minnesota,89.2,16.1,8.7,1424382,217584,377952,38619,459,46247,424,27683,2133350,75580,129603,209995,293563,421521,292811,93570,15388,211800,2016,1/1/2016,Minn.,MN,MN_2016
Mississippi,83.5,20.8,9.8,343978,114510,610496,2470,125,14521,321,640,1087061,131766,194070,131955,104340,107475,45627,14288,4593,113900,2016,1/1/2016,Miss.,MS,MS_2016
Missouri,85.9,16.2,7.9,1220773,202010,841931,4349,828,85233,1575,7731,2364430,152792,295812,326003,281365,284247,159805,54728,12845,151400,2016,1/1/2016,Mo.,MO,MO_2016
Montana,83.6,22.5,9.9,218417,47891,104012,4364,649,33708,244,5354,414639,23731,26772,31621,44305,74904,56721,19707,5234,217200,2016,1/1/2016,Mont.,MT,MT_2016
Nebraska,90.4,13.7,8.4,439082,50453,238643,2507,159,9607,23,4319,744793,41868,89518,117349,90801,85205,48643,12041,2914,148100,2016,1/1/2016,Nebr.,NE,NE_2016
Nevada,86.4,23.5,8.6,623652,28287,369932,7190,487,13487,2228,4332,1049595,24529,37237,55878,97748,169753,139618,43505,10494,239500,2016,1/1/2016,Nev.,NV,NV_2016
New Hampshire,83.3,20.2,14.8,110428,81949,48677,229187,1236,35047,666,9880,517070,17519,17196,30179,57731,115909,95535,25062,5890,251100,2016,1/1/2016,N.H.,NH,NH_2016
New Jersey,88.6,28,21.3,2389530,59916,423650,271179,1652,13466,3212,14924,3177529,42613,61201,114482,204917,467452,674125,383554,71583,328200,2016,1/1/2016,N.J.,NJ,NJ_2016
New Mexico,82.6,23.4,7.8,497976,54610,138982,1236,628,51892,3260,7052,755636,54058,72645,88299,94776,106591,66590,22795,5345,167500,2016,1/1/2016,N.M.,NM,NM_2016
New York,87.6,26.5,16.2,4227422,273838,860856,1540787,19268,126890,6535,79479,7135075,175290,400273,428147,376812,528298,909774,752947,269629,302400,2016,1/1/2016,N.Y.,NY,NY_2016
North Carolina,85.5,19.5,8.7,943290,275766,2454377,118701,231,64774,1678,7170,3865987,202093,408881,478422,424072,475703,349602,129176,25439,165400,2016,1/1/2016,N.C.,NC,NC_2016
North Dakota,85.5,12.9,6.5,126758,40651,130063,8528,397,1900,9,3808,312114,19707,26626,28089,35447,50184,30327,7140,1688,184100,2016,1/1/2016,N.D.,ND,ND_2016
Ohio,89.5,16.3,9.3,3035341,240410,1100194,100460,4510,85870,887,36312,4603984,268235,698386,668292,531398,497956,262437,78415,17690,140100,2016,1/1/2016,Ohio,OH,OH_2016
Oklahoma,85.4,16.9,7.5,767875,95067,568080,2554,86,23848,446,8595,1466551,123063,223802,193858,161292,144408,74504,26516,6109,132200,2016,1/1/2016,Okla.,OK,OK_2016
Oregon,90.7,22.3,10.7,591804,27363,800942,31671,135,102144,1392,10067,1565518,54993,36709,64852,110085,250676,299130,133741,19393,287100,2016,1/1/2016,Ore.,OR,OR_2016
Pennsylvania,88,19.2,11.4,2551248,209719,1133797,805822,57606,125583,1639,34565,4919979,249406,540693,569563,586688,706902,511721,183620,33921,174100,2016,1/1/2016,Pa.,PA,PA_2016
Rhode Island,88.2,24.1,15.9,221544,10488,43722,122343,399,6219,290,2140,407145,6156,5505,20091,46931,73492,59935,21149,3623,247700,2016,1/1/2016,R.I.,RI,RI_2016
South Carolina,84,19.9,9,413862,70890,1351704,14375,97,15939,820,1797,1869484,155021,235022,234465,214378,215382,150240,65926,18437,153900,2016,1/1/2016,S.C.,SC,SC_2016
South Dakota,87,15.4,7.9,155319,50018,109209,6854,102,5699,73,4654,331928,26655,34387,39447,44762,43426,26107,7674,2001,160700,2016,1/1/2016,S.D.,SD,SD_2016
Tennessee,87.6,18.8,7.4,818768,99337,1570459,9798,727,47265,126,2437,2548917,139386,307860,328382,300298,294521,197618,80080,15873,157700,2016,1/1/2016,Tenn.,TN,TN_2016
Texas,88.7,19.7,9.4,3407001,273637,5754927,8943,1272,32735,4028,14285,9496828,562918,1091747,1007075,925833,1049106,792131,310027,86634,161500,2016,1/1/2016,Tex.,TX,TX_2016
Utah,89.5,16.5,5.6,780281,17949,124537,1165,797,11655,1016,3861,941261,20604,18012,64896,106878,207572,176115,55695,9494,250300,2016,1/1/2016,Utah,UT,UT_2016
Vermont,77.3,24.1,17.8,46388,42621,14097,106498,695,39455,571,3822,254147,7452,11145,23157,33470,52343,37360,11031,1814,223700,2016,1/1/2016,Vt.,VT,VT_2016
Virginia,89.4,19.5,8.4,1032532,141229,1699116,146013,2680,74887,628,9883,3106968,90559,143559,215244,271229,446880,479012,333591,57567,264000,2016,1/1/2016,Va.,VA,VA_2016
Washington,91.5,21.3,9.8,948151,83921,1540628,49076,378,117058,1244,14449,2754905,68740,60144,121751,182559,411281,507040,314899,62906,306400,2016,1/1/2016,Wash.,WA,WA_2016
West Virginia,81.4,15.3,7,297134,33741,318972,19781,4120,42897,202,3804,720651,88357,134557,95121,87680,70844,34795,8948,2776,117900,2016,1/1/2016,W.Va.,WV,WV_2016
Wisconsin,87.2,17,11,1516856,257731,379170,47379,762,87464,667,23294,2313323,77033,209484,321224,311710,355135,206909,58256,11481,173200,2016,1/1/2016,Wis.,WI,WI_2016
Wyoming,82.6,17.4,9,137875,20581,49466,940,478,11184,100,2037,222661,14466,8893,17706,31171,41155,28705,7618,4180,209500,2016,1/1/2016,Wyo.,WY,WY_2016
Alabama,83.2,18.9,8.2,508335,114106,1191229,3176,0,20342,82,2188,1839458,174211,285708,236285,198870,194280,115817,39247,9177,134100,2015,1/1/2015,Ala.,AL,AL_2015
Alaska,80.8,19.7,8.2,122946,3713,32857,71730,1170,13928,14,1951,248309,11168,8365,11676,18518,50432,47136,11629,998,259600,2015,1/1/2015,Alaska,AK,AK_2015
Arizona,84.1,22.9,8.6,803620,65811,1490766,2114,595,50238,8420,3173,2424737,123315,171786,225546,268167,339358,267952,104428,24276,194300,2015,1/1/2015,Ariz.,AZ,AZ_2015
Arkansas,84.9,18.8,7.8,449516,76481,565461,469,105,45025,254,3821,1141132,111369,189055,158302,116915,95739,50425,18337,5858,120700,2015,1/1/2015,Ark.,AR,AR_2015
California,92.2,30.6,12,8252070,399275,3427206,30962,1567,218185,43884,42740,12415889,213280,194780,248786,374918,920349,1976684,2168275,813751,449100,2015,1/1/2015,Calif.,CA,CA_2015
Colorado,89.8,20.2,8.5,1438590,97415,470730,2431,1133,40734,4169,12645,2067847,52776,54671,93529,162184,351987,396380,175465,35626,283800,2015,1/1/2015,Colo.,CO,CO_2015
Connecticut,89.8,25.1,18.5,471195,51915,214414,561996,1493,29530,937,8159,1339639,17434,29819,84432,136125,244550,230211,106555,39909,270900,2015,1/1/2015,Conn.,CT,CT_2015
Delaware,83.6,23.6,11.3,145437,36295,114947,47187,390,4581,358,1615,350810,12668,13339,24675,41907,75185,63991,14762,3154,240200,2015,1/1/2015,Del.,DE,DE_2015
District of Columbia,91,20.6,10.2,154113,3343,113514,5066,0,0,367,1342,277745,1742,868,1886,3155,15250,27917,43609,18128,551300,2015,1/1/2015,D.C.,DC,DC_2015
Florida,81,27.5,12.4,325205,71936,6900036,10710,930,12848,3522,2784,7327971,393189,737212,735475,758588,962144,751764,316602,105097,179800,2015,1/1/2015,Fla.,FL,FL_2015
Georgia,87.4,21.6,9.4,1454703,170705,1976609,5839,127,31762,22,2666,3642433,196853,408423,439272,384792,386666,298617,124160,22383,159300,2015,1/1/2015,Ga.,GA,GA_2015
Hawaii,83.8,30.9,9.9,8107,4349,126207,119,0,850,13633,137,153402,2703,2688,5899,7669,23022,63598,117346,29510,566900,2015,1/1/2015,Hawaii,HI,HI_2015
Idaho,86.3,21.8,7.6,307083,27508,201596,8511,267,45444,68,5043,595520,26076,40481,81007,95637,90171,59125,16114,3347,176300,2015,1/1/2015,Idaho,ID,ID_2015
Illinois,90.2,22,12.4,3764432,191916,749605,7685,884,22839,844,25289,4763494,204632,494324,516733,512550,638663,499607,209003,54129,180300,2015,1/1/2015,Ill.,IL,IL_2015
Indiana,88.5,15.4,7.8,1517830,177999,726852,18388,2988,51692,536,10950,2507235,156764,431559,414784,292968,241284,126976,40715,9830,131000,2015,1/1/2015,Ind.,IN,IN_2015
Iowa,91.1,14,8.4,758106,162877,283022,7202,261,18554,416,9391,1239829,88351,204577,198981,154047,143822,66710,20147,4845,136100,2015,1/1/2015,Iowa,IA,IA_2015
Kansas,88.7,15.4,9.4,731194,86149,265326,1451,139,19819,328,4865,1109271,87944,162907,142808,127336,125634,67102,20189,4416,141200,2015,1/1/2015,Kans.,KS,KS_2015
Kentucky,87.7,18.2,8.8,643384,104751,889890,15589,4263,46453,291,6332,1710953,152395,261279,251697,187712,164109,85167,29155,6739,130000,2015,1/1/2015,Ky.,KY,KY_2015
Louisiana,85.8,19.8,8.5,599691,37623,1081439,439,79,11443,754,1225,1732693,144043,193690,194749,213078,215965,113967,37956,8846,155600,2015,1/1/2015,La.,LA,LA_2015
Maine,74.8,21.8,12.3,37624,50511,35138,336337,1449,70767,604,11270,543700,24994,55819,63373,75051,91282,55175,18402,3005,180300,2015,1/1/2015,Maine,ME,ME_2015
Maryland,89.5,21.8,10.9,968764,72692,883862,197050,1719,29110,1791,12005,2166993,34790,59478,100980,161957,361564,447415,228278,41697,299800,2015,1/1/2015,Md.,MD,MD_2015
Massachusetts,90,24.8,16.2,1306073,79528,403279,690548,3301,38927,1693,20120,2543469,24254,27904,63583,134511,358554,571314,325797,74036,352100,2015,1/1/2015,Mass.,MA,MA_2015
Michigan,84.8,18.8,12,2958300,314724,356677,45398,1064,129857,604,32932,3839556,358863,588830,535054,445306,439764,252093,79488,17819,137500,2015,1/1/2015,Mich.,MI,MI_2015
Minnesota,89.6,16.6,9.2,1420349,225549,366326,41930,493,51735,443,23873,2130698,75021,144033,238224,304453,393944,268489,82366,16743,200000,2015,1/1/2015,Minn.,MN,MN_2015
Mississippi,84.9,23.5,9.7,338181,130201,614013,2122,51,14941,295,1086,1100890,131036,199762,137794,115828,100507,44278,12055,2943,112700,2015,1/1/2015,Miss.,MS,MS_2015
Missouri,86.4,17.1,8.6,1212347,211223,840114,5223,224,88827,518,8070,2366546,149637,320511,328960,283301,273422,151351,51301,11654,147800,2015,1/1/2015,Mo.,MO,MO_2015
Montana,83.9,22.4,8.7,224376,49552,98131,4243,541,32691,310,3351,413195,25771,24119,31729,48460,75411,47754,18375,4871,209500,2015,1/1/2015,Mont.,MT,MT_2015
Nebraska,90.6,14.8,8.5,440046,58229,224922,2828,49,9628,161,5190,741053,43945,97890,124079,87931,81605,41019,10591,3334,141600,2015,1/1/2015,Nebr.,NE,NE_2015
Nevada,86.1,22.4,9.1,622936,25153,361369,6529,45,14312,1347,6051,1037742,27616,44434,65322,105972,154060,120826,34425,10305,221400,2015,1/1/2015,Nev.,NV,NV_2015
New Hampshire,83.1,21.5,16.1,103292,78670,46002,232674,674,42472,488,10268,514540,14655,18217,33955,61114,119859,91021,24525,3393,244500,2015,1/1/2015,N.H.,NH,NH_2015
New Jersey,88.7,30,21.9,2398744,61082,385792,299222,821,14398,1781,12721,3174561,39805,67578,124668,204812,473570,664828,363853,69920,322600,2015,1/1/2015,N.J.,NJ,NJ_2015
New Mexico,83.3,24,9.4,507367,60267,134640,692,315,46945,2575,7417,760218,60824,75254,89902,96633,97428,64635,23271,5896,164100,2015,1/1/2015,N.M.,NM,NM_2015
New York,88.1,28.4,16.2,4202413,265224,808370,1649860,18107,141016,3120,78999,7167109,175547,418718,438296,387000,532047,922013,730162,235119,293500,2015,1/1/2015,N.Y.,NY,NY_2015
North Carolina,85.6,20.7,9.9,934170,271792,2407444,134297,806,74765,1165,5754,3830193,211238,421200,492541,420727,448558,314036,119042,27799,160100,2015,1/1/2015,N.C.,NC,NC_2015
North Dakota,86.4,11,7,130987,41709,123653,8473,666,1440,7,2947,309882,19873,26407,27658,34501,46511,31058,6045,1289,180900,2015,1/1/2015,N.D.,ND,ND_2015
Ohio,89.3,17.5,9.2,3040522,244024,1071606,100929,3141,88143,1190,39014,4588569,274378,726870,676164,524412,472806,250749,72890,14824,136400,2015,1/1/2015,Ohio,OH,OH_2015
Oklahoma,85.7,18.3,8,770876,95737,555238,2382,57,26956,171,10991,1462408,126025,239221,199758,156349,138019,69264,22213,7009,126800,2015,1/1/2015,Okla.,OK,OK_2015
Oregon,90.4,23.4,11.1,595662,26882,774393,31373,241,106585,1218,10109,1546463,58181,37576,77194,128138,263143,263939,104257,16463,264100,2015,1/1/2015,Ore.,OR,OR_2015
Pennsylvania,88.5,20.3,12.4,2549385,200754,1103995,837082,64226,141835,2117,38034,4937428,260494,564654,591813,595073,695312,494481,169465,34464,170600,2015,1/1/2015,Pa.,PA,PA_2015
Rhode Island,88.1,24.4,16.3,216129,11955,43085,124029,504,7228,0,3101,406031,5067,5958,25421,49384,72709,57330,20176,4573,241000,2015,1/1/2015,R.I.,RI,RI_2015
South Carolina,84.1,21.2,9.1,410455,75921,1322225,20409,85,18149,278,2524,1850046,146220,244642,248934,207872,203627,137715,63205,13412,148600,2015,1/1/2015,S.C.,SC,SC_2015
South Dakota,89.3,15.4,9.2,162018,53053,101989,6671,143,6677,190,6311,337052,30921,36156,45720,43785,41373,24930,6699,1868,152800,2015,1/1/2015,S.D.,SD,SD_2015
Tennessee,87.5,19.6,7.9,825190,99323,1533971,9813,258,49845,236,3564,2522200,144281,335962,348302,294940,275429,181657,68117,16810,150600,2015,1/1/2015,Tenn.,TN,TN_2015
Texas,89,20.2,9.7,3390924,293458,5637227,9351,620,35322,2021,12897,9381820,585282,1139088,1107216,922741,963988,679525,277671,77315,152000,2015,1/1/2015,Tex.,TX,TX_2015
Utah,89.7,17,6.1,780746,19320,111094,1297,1600,11431,517,2914,928919,22256,20044,80005,121971,196790,146602,45792,7755,234600,2015,1/1/2015,Utah,UT,UT_2015
Vermont,78,26.2,18,45256,40280,12610,108532,735,42271,263,4298,254245,7411,13448,22279,33477,52652,36548,11852,2545,223700,2015,1/1/2015,Vt.,VT,VT_2015
Virginia,89.6,20.7,9,1029797,134535,1687103,153039,2133,79382,635,8414,3095038,87035,153903,219345,281099,437580,475765,311488,53654,257800,2015,1/1/2015,Va.,VA,VA_2015
Washington,91.2,21.9,9.7,947344,83835,1502485,54294,510,109150,985,16980,2715583,72999,64458,131896,215507,432040,465945,271408,49016,284000,2015,1/1/2015,Wash.,WA,WA_2015
West Virginia,82.9,16,7.1,305996,34766,319204,19805,4173,44782,152,4358,733236,98239,139575,96804,84256,70314,31221,9416,1326,112100,2015,1/1/2015,W.Va.,WV,WV_2015
Wisconsin,87.3,17.9,10.9,1515108,259440,361243,54122,593,94188,937,22247,2307878,76978,225651,336123,316489,344870,185601,52014,11417,168300,2015,1/1/2015,Wis.,WI,WI_2015
Wyoming,85,16.7,8.5,135634,22692,53623,449,961,12772,26,2019,228176,14506,9871,17227,29061,48117,26177,7489,3127,212500,2015,1/1/2015,Wyo.,WY,WY_2015
Alabama,83.4,21.6,10.3,523139,113869,1173097,3610,718,17600,195,1530,1833758,207066,286138,236699,188178,191205,98346,31562,6886,125600,2014,1/1/2014,Ala.,AL,AL_2014
Alaska,80.9,19.5,10.5,119714,2843,30963,73871,1025,17276,0,2043,247735,12377,7511,10305,23097,47910,43764,10174,868,254500,2014,1/1/2014,Alaska,AK,AK_2014
Arizona,83.5,22.5,9,812510,65065,1446705,1214,510,50054,7215,4826,2388099,159089,188843,234253,252877,301010,233628,93547,21610,176700,2014,1/1/2014,Ariz.,AZ,AZ_2014
Arkansas,84.4,18.8,8.9,454488,81113,540491,1217,28,46313,400,4524,1128574,139117,194760,146288,114169,89236,43783,13209,3756,112500,2014,1/1/2014,Ark.,AR,AR_2014
California,91.8,31.5,12.1,8249834,406961,3323498,30061,1597,221127,29734,45421,12308233,358905,227050,293875,417903,958127,1934465,1988688,676675,412700,2014,1/1/2014,Calif.,CA,CA_2014
Colorado,89.6,21.3,8.6,1445808,95838,428152,1683,990,43546,4082,12074,2032173,78551,61298,110099,193001,351595,330911,149270,27808,255200,2014,1/1/2014,Colo.,CO,CO_2014
Connecticut,90.8,26,18.9,464748,49540,212031,576948,2087,34478,554,11670,1352056,34773,27354,83496,140759,239756,229558,101322,43021,267200,2014,1/1/2014,Conn.,CT,CT_2014
Delaware,83.8,23.1,10.3,140922,35973,117578,47201,278,3572,108,1864,347496,17649,13156,25269,41737,72969,58006,14305,2717,230500,2014,1/1/2014,Del.,DE,DE_2014
District of Columbia,90.6,19.5,14.6,153799,2802,110659,5032,0,41,203,1250,273786,3330,1686,2565,3966,14262,32393,39590,14700,486900,2014,1/1/2014,D.C.,DC,DC_2014
Florida,80.1,29.4,12.8,324973,72578,6769006,12061,452,13747,2030,3576,7198423,525082,844958,743401,744211,859554,637096,248820,90699,162700,2014,1/1/2014,Fla.,FL,FL_2014
Georgia,86.4,22.6,10.5,1443221,176341,1908078,5777,690,35844,332,2971,3573254,261291,446970,424363,353727,359805,262430,102050,21917,147900,2014,1/1/2014,Ga.,GA,GA_2014
Hawaii,85,31.7,9.3,8653,4314,128113,197,42,1514,12023,356,155212,4724,5024,6423,7484,27329,68383,111143,24865,528000,2014,1/1/2014,Hawaii,HI,HI_2014
Idaho,86.4,20.5,8.1,303196,27837,194895,10243,476,48610,167,4811,590235,33506,48238,91295,82352,81843,46029,15758,3373,165300,2014,1/1/2014,Idaho,ID,ID_2014
Illinois,89.9,24,12.7,3765279,198181,725859,7180,631,22827,812,20233,4741002,257936,513472,527661,507461,616008,460334,194230,48553,171900,2014,1/1/2014,Ill.,IL,IL_2014
Indiana,88.4,16.8,8.5,1515413,181828,710158,18946,2973,54170,550,10863,2494901,192591,443360,416295,280245,226639,116334,33985,6892,124300,2014,1/1/2014,Ind.,IN,IN_2014
Iowa,91.1,14.9,8.9,769215,163627,264344,7828,249,19581,280,10258,1235382,100678,203335,197013,148817,144483,64556,16289,4707,133100,2014,1/1/2014,Iowa,IA,IA_2014
Kansas,88.8,16.7,9.9,739570,88639,248571,1352,337,22149,252,5919,1106789,107112,169213,141726,120564,115654,63875,17384,3640,132100,2014,1/1/2014,Kans.,KS,KS_2014
Kentucky,87.8,19.2,8.7,638201,106636,883857,15956,3065,52310,138,6399,1706562,177551,262089,243047,179268,159631,79550,24836,5225,123800,2014,1/1/2014,Ky.,KY,KY_2014
Louisiana,85.4,21.7,8.2,596700,38279,1064925,1192,0,9741,379,911,1712127,169439,206129,201518,202584,190037,99622,29263,8193,143600,2014,1/1/2014,La.,LA,LA_2014
Maine,75.6,23.8,12.8,37608,48027,28040,342185,1860,78214,451,11692,548077,37217,51896,63188,75044,89940,51333,19219,4302,174800,2014,1/1/2014,Maine,ME,ME_2014
Maryland,89.4,23,11.4,973472,71602,858626,207401,2458,31229,1056,9148,2154992,65549,60589,100826,162183,363579,415647,217713,40662,288500,2014,1/1/2014,Md.,MD,MD_2014
Massachusetts,90.1,24.5,16,1310713,77135,371616,703760,4063,41999,825,21307,2531418,56776,25478,70402,141237,360649,549669,300855,65266,338900,2014,1/1/2014,Mass.,MA,MA_2014
Michigan,84.5,20,11.9,2942704,314434,342353,47572,1408,129455,906,38130,3816962,426842,626897,515219,424084,393168,227096,63493,16485,125700,2014,1/1/2014,Mich.,MI,MI_2014
Minnesota,89.3,18.1,9.8,1420749,223105,341899,44148,980,54734,500,26451,2112566,110368,153253,253031,310845,369898,239935,74513,14563,188300,2014,1/1/2014,Minn.,MN,MN_2014
Mississippi,84.6,23.4,11.1,339414,129561,603699,1067,243,17236,65,1385,1092670,154610,204107,133436,107084,89103,40797,8853,3514,104000,2014,1/1/2014,Miss.,MS,MS_2014
Missouri,86.1,18.6,10.1,1210952,219176,805368,4653,336,96594,558,8390,2346027,203291,328702,326658,269040,260497,132483,44539,10416,138500,2014,1/1/2014,Mo.,MO,MO_2014
Montana,83.6,23.3,10.1,221378,50495,94131,4019,533,34643,376,4046,409621,30845,28104,33104,46953,70370,44198,14759,4523,196800,2014,1/1/2014,Mont.,MT,MT_2014
Nebraska,90.9,16.2,10.1,444310,56850,219061,3068,56,11002,50,4124,738521,56191,101590,128567,79771,75000,34079,9966,3274,133800,2014,1/1/2014,Nebr.,NE,NE_2014
Nevada,85.2,24.2,9.5,611388,27175,351476,5896,0,17073,471,4454,1017933,44711,58871,80603,103776,132267,93017,29276,5384,192100,2014,1/1/2014,Nev.,NV,NV_2014
New Hampshire,83.8,23.5,16.3,100601,76212,46268,230361,1781,49555,275,10068,515121,21032,18367,34541,61656,120259,84071,21003,4067,236400,2014,1/1/2014,N.H.,NH,NH_2014
New Jersey,88.9,30.9,21.4,2393423,62396,384329,309236,1705,14471,1748,13957,3181265,87444,62254,120142,209032,476396,659523,344761,61510,313200,2014,1/1/2014,N.J.,NJ,NJ_2014
New Mexico,83.4,25,9.3,506959,59610,126923,1106,182,54261,2108,8016,759165,70328,74274,91109,92243,93847,60045,20789,6516,158400,2014,1/1/2014,N.M.,NM,NM_2014
New York,88.9,29.3,17.3,4186666,258775,770577,1752656,17720,145012,2573,76963,7210942,248786,430908,434758,377487,546342,919088,684804,215733,279100,2014,1/1/2014,N.Y.,NY,NY_2014
North Carolina,85.1,21.8,10.1,926794,279111,2343976,132786,664,82455,1940,5893,3773619,261226,429756,477280,412482,436334,290445,105663,22198,155000,2014,1/1/2014,N.C.,NC,NC_2014
North Dakota,87.1,11.3,6.8,121884,39684,123672,8502,1075,2021,39,4850,301727,27185,29414,31598,32819,43712,23232,6057,985,161800,2014,1/1/2014,N.D.,ND,ND_2014
Ohio,89.2,18.3,9.9,3058773,228782,1047130,109342,2605,89144,1062,34393,4571231,328055,746092,682084,510104,439232,221189,62514,11478,129100,2014,1/1/2014,Ohio,OH,OH_2014
Oklahoma,85.9,18.6,8,768244,97810,546544,1976,75,29462,21,11911,1456043,147496,240384,205378,150544,124692,56295,19786,6242,119800,2014,1/1/2014,Okla.,OK,OK_2014
Oregon,90.3,24.2,12,580411,25335,764501,34492,257,107706,755,14931,1528388,79833,44565,87386,142348,259589,221491,84555,12625,239800,2014,1/1/2014,Ore.,OR,OR_2014
Pennsylvania,88.5,21.3,12.7,2528694,198296,1087741,858758,67555,148256,1760,36886,4927946,328082,574291,580154,597244,681375,457007,155234,30777,165400,2014,1/1/2014,Pa.,PA,PA_2014
Rhode Island,88.5,27.5,15.6,217810,11457,39832,129877,333,7318,0,2159,408786,9656,7672,26109,47717,73716,54922,16412,4674,236000,2014,1/1/2014,R.I.,RI,RI_2014
South Carolina,83.5,22.5,9.4,413456,72957,1291881,16980,514,20954,373,2112,1819227,188655,244377,235851,193462,193721,120011,52901,14199,140000,2014,1/1/2014,S.C.,SC,SC_2014
South Dakota,88.9,15.7,8.8,160121,53817,97069,8253,152,6959,128,5957,332456,35555,40559,44325,41389,39285,20329,5253,1315,142300,2014,1/1/2014,S.D.,SD,SD_2014
Tennessee,87.5,22.3,8.5,822736,99108,1508176,10761,739,54661,737,3171,2500089,187713,351040,336380,280302,265554,159485,65582,13741,142900,2014,1/1/2014,Tenn.,TN,TN_2014
Texas,89,20.5,10,3418610,293663,5460578,10582,1089,34848,1799,15797,9236966,693738,1259280,1095208,911800,856065,578775,215891,63484,139600,2014,1/1/2014,Tex.,TX,TX_2014
Utah,89.8,19.6,6.8,779071,21692,99264,1076,1580,11172,205,2788,916848,36681,21963,82614,124886,189554,130221,41975,7269,223200,2014,1/1/2014,Utah,UT,UT_2014
Vermont,79,27.1,19.4,43091,38116,11250,115387,748,43828,179,4258,256857,12636,12284,22246,34364,52148,35058,9667,1781,214600,2014,1/1/2014,Vt.,VT,VT_2014
Virginia,89.5,21.1,9.9,1023682,138787,1653956,162273,1842,82114,701,10067,3073422,133081,153070,215424,277261,428361,459264,297544,50807,247800,2014,1/1/2014,Va.,VA,VA_2014
Washington,90.4,23.5,10,922363,79785,1472236,57606,208,117694,676,16095,2666663,99978,73610,139929,226100,422333,427780,222077,42813,266200,2014,1/1/2014,Wash.,WA,WA_2014
West Virginia,83.1,17,6.3,306187,32740,321049,19011,3372,46300,108,4829,733596,113791,142782,101455,73360,63689,27679,6754,1245,103900,2014,1/1/2014,W.Va.,WV,WV_2014
Wisconsin,87.1,20.5,11.7,1509961,254773,346409,57916,230,102176,742,23106,2295313,97993,226406,334183,318021,330223,175695,45401,8971,164700,2014,1/1/2014,Wis.,WI,WI_2014
Wyoming,86.7,16.8,7.6,138875,22193,53400,778,1462,12621,61,2534,231924,16692,11299,19610,29744,43220,23835,7151,4066,201000,2014,1/1/2014,Wyo.,WY,WY_2014
Alabama,83.2,20.4,9.4,520001,121771,1149424,2884,136,19735,134,1470,1815555,210176,287987,240440,190429,178881,95781,28611,7712,122700,2013,1/1/2013,Ala.,AL,AL_2013
Alaska,80,18.5,8.7,122315,3471,26064,74729,860,15670,0,2252,245361,8286,8090,11788,23718,50336,42965,10044,880,254000,2013,1/1/2013,Alaska,AK,AK_2013
Arizona,83,24.1,9.1,814584,66318,1430518,2702,145,48822,5487,6165,2374741,166708,218857,262762,252439,284072,206527,79465,19201,166000,2013,1/1/2013,Ariz.,AZ,AZ_2013
Arkansas,84.7,18.7,7,453891,79497,536242,1491,0,48006,0,3889,1123016,139535,199367,154851,103790,85655,41058,12085,3646,109500,2013,1/1/2013,Ark.,AR,AR_2013
California,91.7,32.6,12,8149303,414887,3379399,33220,1593,204825,22534,46996,12252757,361858,282785,389508,525596,1045738,1879161,1766336,553657,373100,2013,1/1/2013,Calif.,CA,CA_2013
Colorado,89.1,22.4,9,1407423,95660,432137,2089,1228,41289,3069,11846,1994741,80084,68378,132292,207243,354154,295567,126947,27280,240500,2013,1/1/2013,Colo.,CO,CO_2013
Connecticut,90,26.4,19.1,449787,46397,209463,585757,2501,29361,401,10236,1333903,32146,29490,80537,137454,236502,228551,104483,39315,267000,2013,1/1/2013,Conn.,CT,CT_2013
Delaware,82.3,22.6,10.2,138987,32922,110313,48095,851,3396,166,3067,337797,20865,13186,22685,43528,71967,54839,13053,2924,226200,2013,1/1/2013,Del.,DE,DE_2013
District of Columbia,89.7,21,13.5,152581,2849,104674,6012,91,0,317,1349,267873,3511,2032,1617,4431,14763,33124,35922,15113,470500,2013,1/1/2013,D.C.,DC,DC_2013
Florida,79.7,30.9,12.7,318727,74420,6648779,13461,523,14787,2486,3858,7077041,541100,930170,805674,723090,801517,548109,238223,84599,153300,2013,1/1/2013,Fla.,FL,FL_2013
Georgia,86.3,23.8,9.5,1422155,185887,1879370,5872,283,36761,298,3344,3533970,274879,480464,421053,355942,340096,238934,90713,20296,141600,2013,1/1/2013,Ga.,GA,GA_2013
Hawaii,85.5,33.9,9.9,9343,5536,125472,38,77,1728,11882,391,154467,5276,4384,5735,8930,29476,72692,103486,23020,500000,2013,1/1/2013,Hawaii,HI,HI_2013
Idaho,87,22.3,7.3,296247,30365,196590,9764,494,46389,225,5936,586010,33749,58244,92345,86464,74351,43670,15455,3896,159000,2013,1/1/2013,Idaho,ID,ID_2013
Illinois,90.4,24.9,12.8,3757212,204784,734516,8689,710,25245,1112,23835,4756103,275997,535609,529000,515967,637007,440566,176724,43157,169600,2013,1/1/2013,Ill.,IL,IL_2013
Indiana,88.9,17.3,7.7,1504232,176348,717335,21055,3857,55561,680,10442,2489510,205356,445797,418092,275161,222600,108196,30166,6652,122200,2013,1/1/2013,Ind.,IN,IN_2013
Iowa,91.6,14.6,8.3,775699,163459,249151,7228,134,20468,430,12599,1229168,103751,216221,200094,150708,127102,59061,13738,4687,126900,2013,1/1/2013,Iowa,IA,IA_2013
Kansas,89.8,16,8,735134,87427,259854,1884,80,20096,70,4821,1109366,107722,174645,142326,124994,109757,57470,14572,4251,129700,2013,1/1/2013,Kans.,KS,KS_2013
Kentucky,88.1,19.4,8.9,645906,108051,868659,15839,4011,51434,506,5175,1699581,193949,268732,244430,179106,152505,80780,23366,6440,120900,2013,1/1/2013,Ky.,KY,KY_2013
Louisiana,86.8,21.1,8.2,603059,37860,1068524,804,195,9805,401,1493,1722141,192321,213789,200998,202289,195392,99973,28816,6474,140300,2013,1/1/2013,La.,LA,LA_2013
Maine,75.7,24,13.5,31836,45601,28747,351842,1910,76707,486,9827,546956,34895,54983,65367,72040,85073,50748,17034,4097,172800,2013,1/1/2013,Maine,ME,ME_2013
Maryland,89.9,23.1,11.5,955665,67436,865922,214092,2458,33464,898,11755,2151690,65769,63309,106595,180602,372413,407478,203162,37579,280200,2013,1/1/2013,Md.,MD,MD_2013
Massachusetts,90.1,25.3,16.3,1265878,81306,371400,740917,2333,47009,1432,17553,2527828,58261,27798,75521,151591,372859,542543,274729,57507,327200,2013,1/1/2013,Mass.,MA,MA_2013
Michigan,84.7,20.9,12.1,2931318,319698,341965,47991,1336,132347,905,39038,3814598,474162,669297,521001,415522,361770,192867,56840,12498,117500,2013,1/1/2013,Mich.,MI,MI_2013
Minnesota,89.5,18.6,8.9,1399587,220587,356763,49863,585,53776,468,22758,2104387,108150,166854,273778,315626,350635,217530,72048,12279,180100,2013,1/1/2013,Minn.,MN,MN_2013
Mississippi,85,24,10.6,338085,128930,602503,1319,118,14648,0,1547,1087150,161242,213273,120914,100391,87869,36451,9810,3151,97500,2013,1/1/2013,Miss.,MS,MS_2013
Missouri,86.9,19.8,9,1205979,218963,822051,4664,398,95809,755,7362,2355981,207702,346383,340547,270232,242466,125297,39904,9881,133200,2013,1/1/2013,Mo.,MO,MO_2013
Montana,83.6,22,9.2,217689,49009,89434,4126,618,37525,342,5500,404243,30999,28374,34024,50934,67001,41140,14111,5136,190100,2013,1/1/2013,Mont.,MT,MT_2013
Nebraska,90.5,16.6,9.2,453769,57576,199699,2188,65,9928,55,4998,728278,55814,101416,126907,82008,73244,31902,8991,2170,132700,2013,1/1/2013,Nebr.,NE,NE_2013
Nevada,84.5,27.4,9.9,621978,27742,323768,6665,59,13813,970,3425,998420,48422,83197,101183,99081,116234,70202,18851,7285,165300,2013,1/1/2013,Nev.,NV,NV_2013
New Hampshire,84.2,24.5,18.4,101529,76485,42038,239542,744,44711,334,9251,514634,21634,18615,36167,61047,119410,83171,20253,3958,233300,2013,1/1/2013,N.H.,NH,NH_2013
New Jersey,88.8,31.9,21.6,2354824,60943,388226,329733,843,17421,1270,10710,3163970,86159,66258,121046,213432,498784,651454,335780,61310,307700,2013,1/1/2013,N.J.,NJ,NJ_2013
New Mexico,83.2,23.6,8.6,503091,61554,127124,1230,164,49712,971,7813,751659,71065,73920,90064,94628,102395,53495,22415,3711,159200,2013,1/1/2013,N.M.,NM,NM_2013
New York,88.8,29.8,17,4074510,259367,764400,1802442,18997,148422,2525,81841,7152504,255253,439543,433305,375281,555207,941907,678750,194053,277600,2013,1/1/2013,N.Y.,NY,NY_2013
North Carolina,85.5,21.9,9.8,922927,280693,2308910,137984,656,84384,1216,5134,3741904,258639,427665,477549,424169,424973,278329,99915,23478,154300,2013,1/1/2013,N.C.,NC,NC_2013
North Dakota,87.9,12.5,7.1,123757,39927,114846,10163,1331,1695,45,4013,295777,27287,33229,31535,34603,41765,19916,3882,1172,155400,2013,1/1/2013,N.D.,ND,ND_2013
Ohio,89.1,19.5,9,3021993,236293,1049033,110043,3538,91040,726,34650,4547316,331238,763654,704629,511761,429177,204115,59144,12077,127000,2013,1/1/2013,Ohio,OH,OH_2013
Oklahoma,86,18.1,7.2,768448,103324,530472,1239,52,29239,297,11132,1444203,150514,250738,205687,148478,113959,57350,17359,4455,116500,2013,1/1/2013,Okla.,OK,OK_2013
Oregon,90.5,27.2,12.6,572046,26827,761368,37636,0,106592,909,11992,1517370,77031,48555,96613,161485,248811,209158,74397,10880,229700,2013,1/1/2013,Ore.,OR,OR_2013
Pennsylvania,88.7,21.7,12.3,2516052,195799,1086074,870064,67774,148597,1408,33941,4919709,345780,585313,572554,596164,674361,456357,146001,28640,164200,2013,1/1/2013,Pa.,PA,PA_2013
Rhode Island,88,28.4,16.6,212545,10035,39215,132486,845,8547,185,1769,405627,10645,8603,28015,50601,69164,56265,17947,4169,232300,2013,1/1/2013,R.I.,RI,RI_2013
South Carolina,83.1,23.1,10.3,408997,80318,1254816,20644,245,19846,143,1906,1786915,181052,244126,235530,197931,186604,116679,46656,15036,139200,2013,1/1/2013,S.C.,SC,SC_2013
South Dakota,89.5,15.6,8.2,156501,52307,99973,8111,485,5240,120,6381,329118,35775,40233,46612,40821,34008,18405,5689,1266,138400,2013,1/1/2013,S.D.,SD,SD_2013
Tennessee,87.7,21.4,7.6,803897,105832,1503502,10849,810,53113,623,2871,2481497,181867,352898,359059,279229,259236,152874,54095,13718,140300,2013,1/1/2013,Tenn.,TN,TN_2013
Texas,88.8,20.7,9.3,3320609,293618,5387263,9731,193,39408,1829,13553,9066204,715199,1319018,1168929,864653,815140,502985,193214,55179,132000,2013,1/1/2013,Tex.,TX,TX_2013
Utah,89.4,20.8,6.9,758978,20447,102457,966,1078,10536,152,3474,898088,35147,25754,91142,135196,178958,114154,34873,7348,211400,2013,1/1/2013,Utah,UT,UT_2013
Vermont,78.2,25.9,18.1,42192,38339,11779,111011,648,44411,257,3630,252267,11091,11196,24028,32595,52706,35758,10268,2149,218300,2013,1/1/2013,Vt.,VT,VT_2013
Virginia,89.5,21.8,8.2,1020268,137668,1625037,168558,2445,82334,1193,7919,3045422,137136,158936,225512,294065,423229,447160,275522,43632,239300,2013,1/1/2013,Va.,VA,VA_2013
Washington,90.3,25.2,10.3,923298,80336,1436251,59803,402,113511,1055,16914,2631570,101466,74814,155745,255013,425119,404704,187233,33934,250800,2013,1/1/2013,Wash.,WA,WA_2013
West Virginia,84,17.8,6.6,299536,30813,326536,20335,4521,49289,95,5717,736842,109433,150536,96606,81710,61859,25937,6348,1837,103200,2013,1/1/2013,W.Va.,WV,WV_2013
Wisconsin,86.9,21.7,11.4,1473766,262243,347831,64775,393,106043,660,21358,2277069,98128,230730,341895,316852,332318,163183,45575,9245,163000,2013,1/1/2013,Wis.,WI,WI_2013
Wyoming,84.4,16.4,7.5,133356,23452,50094,649,1951,11656,185,2040,223383,16638,10913,20324,32428,39778,25865,6758,1995,195500,2013,1/1/2013,Wyo.,WY,WY_2013
Alabama,84.3,21.5,9.8,521672,134114,1157432,4516,148,21306,81,1511,1840780,205516,308462,240291,196597,182008,96493,30261,8937,123200,2012,1/1/2012,Ala.,AL,AL_2012
Alaska,81.8,23.2,10.5,121498,4021,29529,77163,1160,16548,50,1072,251041,9698,10457,12503,21811,52997,42674,8370,917,245100,2012,1/1/2012,Alaska,AK,AK_2012
Arizona,83.3,25.7,9.7,819061,68866,1421896,1766,366,45518,2859,5795,2366127,165894,277982,295837,235624,253107,182003,67983,18220,151500,2012,1/1/2012,Ariz.,AZ,AZ_2012
Arkansas,86.1,18.5,8.3,457689,83916,545241,1360,9,50355,270,3305,1142145,136973,216031,151358,107634,86435,41254,14013,4024,107600,2012,1/1/2012,Ark.,AR,AR_2012
California,91.6,35.7,12.2,8230125,376616,3298902,34136,1055,215614,11821,43454,12211723,277446,339259,485825,597275,1156729,1836285,1609248,479750,349400,2012,1/1/2012,Calif.,CA,CA_2012
Colorado,89.5,24.1,9.4,1436739,96779,401621,1692,1311,40146,3122,9329,1990739,64422,72281,142038,221395,348775,285284,118271,25692,234900,2012,1/1/2012,Colo.,CO,CO_2012
Connecticut,91.3,29.4,19.1,442443,43849,212708,615734,1526,27351,378,9891,1353880,18278,30272,76693,145729,262052,228768,107250,39410,267800,2012,1/1/2012,Conn.,CT,CT_2012
Delaware,82.9,26.3,10.6,139144,35463,107027,51437,131,4283,125,1933,339543,15427,11829,24623,45202,77527,51149,11823,3470,226900,2012,1/1/2012,Del.,DE,DE_2012
District of Columbia,88.8,24.9,12.9,158714,1916,95540,7079,73,0,56,1410,264788,1069,1243,2172,6379,17127,33088,37438,12165,460700,2012,1/1/2012,D.C.,DC,DC_2012
Florida,79.7,34.5,13.4,317127,79261,6666798,16347,257,13215,1321,2869,7097195,504923,1030965,852060,756246,780138,511072,211979,77045,148200,2012,1/1/2012,Fla.,FL,FL_2012
Georgia,86,25.1,10,1424695,184571,1867991,7880,44,34641,347,2971,3523140,257901,481856,446903,371461,353792,232024,82997,21768,142300,2012,1/1/2012,Ga.,GA,GA_2012
Hawaii,85.4,37.7,10.3,8173,5728,145001,89,0,1396,6473,456,167316,4113,4312,7273,10396,29840,72638,106951,19247,496600,2012,1/1/2012,Hawaii,HI,HI_2012
Idaho,86.6,24.3,8,303445,27523,189786,10232,492,46012,421,4131,582042,28416,64828,97134,78585,73899,39614,12870,3325,154500,2012,1/1/2012,Idaho,ID,ID_2012
Illinois,90.2,26.7,12.7,3807461,189025,699492,9842,751,23615,559,20728,4751473,229005,537996,555603,546806,641314,448979,175201,42200,170600,2012,1/1/2012,Ill.,IL,IL_2012
Indiana,88.3,17.5,8.1,1510771,176520,690543,23066,3866,57554,554,11747,2474621,185341,469500,419468,285597,224049,101661,27770,7394,122700,2012,1/1/2012,Ind.,IN,IN_2012
Iowa,91.2,15.8,8.1,784644,162117,233255,9572,23,21865,370,10010,1221856,100067,226811,199261,153939,125772,58161,14426,4147,126300,2012,1/1/2012,Iowa,IA,IA_2012
Kansas,89.9,17.9,8.6,760179,83386,244889,955,176,18576,111,4288,1112560,105274,172750,151781,125111,112069,53161,14556,4489,130100,2012,1/1/2012,Kans.,KS,KS_2012
Kentucky,88.1,19.4,8.5,655998,113175,860605,15485,4111,49406,245,4848,1703873,181061,272756,260854,176537,148763,74845,23236,6257,120800,2012,1/1/2012,Ky.,KY,KY_2012
Louisiana,86.5,22,7.8,601692,39816,1061773,1556,78,8727,409,1365,1715416,178992,219415,208432,205465,189621,93046,28362,6801,139500,2012,1/1/2012,La.,LA,LA_2012
Maine,76.6,26.7,12.4,28621,41477,23260,374110,2278,76225,635,6995,553601,30808,61433,65887,78453,86560,52436,16383,4054,172300,2012,1/1/2012,Maine,ME,ME_2012
Maryland,90.1,24.9,12.4,964693,66558,860277,219631,2767,28271,487,9507,2152191,45707,62230,109130,182989,391582,397576,206056,38667,279900,2012,1/1/2012,Md.,MD,MD_2012
Massachusetts,89.8,26.7,16.8,1249253,68517,365060,772641,3563,43393,487,14495,2517409,30946,32296,80419,154524,402120,551696,264183,53871,323800,2012,1/1/2012,Mass.,MA,MA_2012
Michigan,84.4,23.2,12.5,2942881,320522,321209,54189,853,134225,468,32087,3806434,454656,706784,541219,419335,351706,168400,54303,17561,115700,2012,1/1/2012,Mich.,MI,MI_2012
Minnesota,89.4,19.3,9.9,1402952,213359,346867,56795,351,55471,373,24432,2100600,90763,179107,280400,321180,347718,210503,66430,12709,178400,2012,1/1/2012,Minn.,MN,MN_2012
Mississippi,84.9,24.6,10.8,331549,135562,600806,1565,0,16701,183,1609,1087975,160391,212264,130637,105940,85182,35102,9373,4722,99800,2012,1/1/2012,Miss.,MS,MS_2012
Missouri,86.7,20.4,9.3,1221514,212317,808932,6484,173,97410,369,7872,2355071,189773,360280,340473,278786,249271,121841,40434,10828,135000,2012,1/1/2012,Mo.,MO,MO_2012
Montana,84.1,23.9,9.8,221497,48601,86337,5488,926,37505,126,7212,407692,29415,29089,39098,52681,66950,38398,13975,4590,184800,2012,1/1/2012,Mont.,MT,MT_2012
Nebraska,91.2,17.7,8.6,462920,57442,190063,3686,54,11392,285,6269,732111,54522,109942,132645,80849,68304,29633,8273,2474,128300,2012,1/1/2012,Nebr.,NE,NE_2012
Nevada,85.1,30.5,10.1,627705,26371,321747,7231,15,15907,434,3723,1003133,48953,103890,121481,99508,98809,52264,20852,6567,150700,2012,1/1/2012,Nev.,NV,NV_2012
New Hampshire,84.1,28.7,17,104858,72091,39257,245324,593,43948,593,7870,514534,17489,20635,32163,64069,127062,81361,20023,5061,236000,2012,1/1/2012,N.H.,NH,NH_2012
New Jersey,89.5,33.7,23.2,2368222,60990,377997,356378,1107,13974,1002,10889,3190559,45488,64811,123786,221499,534178,698817,333957,58945,311600,2012,1/1/2012,N.J.,NJ,NJ_2012
New Mexico,84.4,26.3,8.7,514107,60107,123471,780,283,54216,2578,8257,763799,65380,80681,96183,95170,97477,56990,21262,4963,157500,2012,1/1/2012,N.M.,NM,NM_2012
New York,89.1,30.9,18.3,4044389,237738,775390,1901118,18990,155603,2168,61429,7196825,211158,459068,436498,384757,553612,977044,683738,178018,280900,2012,1/1/2012,N.Y.,NY,NY_2012
North Carolina,85.3,23.2,10.1,919136,288635,2266804,157871,538,80465,821,5897,3720167,245512,457078,517321,416507,415749,269060,97448,22951,150100,2012,1/1/2012,N.C.,NC,NC_2012
North Dakota,88.4,12,6.8,119677,38617,111749,11457,1083,1571,31,4751,288936,29715,33374,36413,33773,35955,16057,3177,729,142500,2012,1/1/2012,N.D.,ND,ND_2012
Ohio,88.8,20,9.3,3034608,240185,1015239,115319,3553,94448,991,35424,4539767,293962,775705,731931,522075,427366,198631,54847,14865,127600,2012,1/1/2012,Ohio,OH,OH_2012
Oklahoma,86.2,19.7,8.1,781022,103017,521871,2009,96,28392,71,8427,1444905,153344,256025,217888,144846,113374,51842,17884,5166,114300,2012,1/1/2012,Okla.,OK,OK_2012
Oregon,90.2,28.8,11.3,588282,23647,741186,41366,122,108087,531,9808,1513029,68204,49755,113409,165824,255698,197579,73844,9462,223900,2012,1/1/2012,Ore.,OR,OR_2012
Pennsylvania,89,22.4,12.4,2530063,188880,1046982,936674,66314,145089,1484,31494,4946980,313473,609543,592470,596655,689364,429634,153933,31427,163800,2012,1/1/2012,Pa.,PA,PA_2012
Rhode Island,89.3,28.9,17.2,208173,10361,38606,144208,413,7592,204,2165,411722,6154,9317,24285,52913,81203,52033,16999,4886,234600,2012,1/1/2012,R.I.,RI,RI_2012
South Carolina,82.9,23.1,9.2,413800,79272,1241285,22605,145,21893,257,1688,1780945,178563,255399,239319,194780,176659,113740,45612,13620,135500,2012,1/1/2012,S.C.,SC,SC_2012
South Dakota,87.9,18,7.4,156813,54015,92135,7806,266,6133,275,4387,321830,34934,41780,46706,35784,34026,17684,4470,1816,134300,2012,1/1/2012,S.D.,SD,SD_2012
Tennessee,87.5,23,9.1,813213,110486,1485761,9931,752,51767,376,2391,2474677,175888,367036,367314,274486,253439,148252,54432,13154,137800,2012,1/1/2012,Tenn.,TN,TN_2012
Texas,88.3,22,10.2,3323361,303869,5240726,11720,368,39054,978,12505,8932581,687776,1348681,1204215,894961,767212,454600,174034,55377,129200,2012,1/1/2012,Tex.,TX,TX_2012
Utah,89.9,23,7.2,754905,18238,105231,1274,1195,10977,163,2717,894700,26889,31247,107011,147447,173608,98323,32846,6218,199700,2012,1/1/2012,Utah,UT,UT_2012
Vermont,79.8,26.3,19.1,41601,38497,12532,114708,716,46051,206,3749,258060,9371,11665,23669,36360,57187,33339,9979,1993,216900,2012,1/1/2012,Vt.,VT,VT_2012
Virginia,89.4,22.9,9.3,1016029,136651,1604379,178393,2575,85135,350,8450,3031962,112863,164972,226828,310934,448329,434970,268330,43216,237800,2012,1/1/2012,Va.,VA,VA_2012
Washington,90.5,27,10.7,916691,81776,1433146,65724,131,114568,514,16609,2629159,81162,76751,169452,277834,445697,392491,168459,31791,243000,2012,1/1/2012,Wash.,WA,WA_2012
West Virginia,84,16.9,6.7,305035,29530,323747,24468,5330,47705,239,4121,740175,121345,144647,100213,70383,60811,27459,6536,2364,100400,2012,1/1/2012,W.Va.,WV,WV_2012
Wisconsin,86.9,21.9,11.6,1495819,245071,343453,68459,205,106058,584,20485,2280134,83086,223611,345704,332559,343075,157952,43194,10597,165200,2012,1/1/2012,Wis.,WI,WI_2012
Wyoming,84.3,18,7.6,134357,23326,50489,357,819,11887,141,1738,223114,16850,12047,21198,34470,38119,20687,8406,2552,187400,2012,1/1/2012,Wyo.,WY,WY_2012
Alabama,84.5,24.4,11.3,550050,140803,1122217,3873,191,21202,94,1654,1840084,206692,310299,250739,206216,177195,95094,32740,10242,122700,2011,1/1/2011,Ala.,AL,AL_2011
Alaska,82.7,23.3,10.2,122456,3562,30948,81900,782,15790,13,1100,256551,9372,11297,12930,26180,51355,40241,9971,966,238300,2011,1/1/2011,Alaska,AK,AK_2011
Arizona,82.3,30.5,10.5,811728,71170,1391980,860,117,45923,3062,6903,2331743,153268,276105,297177,249026,257432,179153,69300,20067,153800,2011,1/1/2011,Ariz.,AZ,AZ_2011
Arkansas,85.1,21.1,8.8,464547,86611,519261,1074,259,51152,250,2484,1125638,136420,218636,146731,109048,83340,40898,12890,3021,106300,2011,1/1/2011,Ark.,AR,AR_2011
California,90.9,38.6,12.2,8259792,381065,3180216,35746,1116,216924,12405,41419,12128683,263488,328995,469223,589284,1165024,1860313,1680288,486754,355600,2011,1/1/2011,Calif.,CA,CA_2011
Colorado,88.8,26.1,9.8,1436516,95799,378790,2606,1180,42179,3199,9778,1970047,60085,69195,145451,225217,355644,273909,115316,26987,233700,2011,1/1/2011,Colo.,CO,CO_2011
Connecticut,90.5,30.7,20.4,437840,43778,207267,625164,1195,25707,611,7588,1349150,17669,24913,65406,137241,262157,250385,113294,39994,278700,2011,1/1/2011,Conn.,CT,CT_2011
Delaware,81.3,26.5,10.7,134125,34745,104516,52969,455,3170,209,2326,332515,14069,9650,22503,40577,77563,58982,12033,3183,236900,2011,1/1/2011,Del.,DE,DE_2011
District of Columbia,89.9,26.6,9.2,161752,2126,94987,6753,0,80,99,1429,267226,1529,1338,3206,5032,19143,34946,33052,12379,422400,2011,1/1/2011,D.C.,DC,DC_2011
Florida,78.7,37.4,15,312612,80366,6587042,16716,203,17014,1287,2201,7017441,464550,994868,891772,767443,798789,522708,224259,76780,151000,2011,1/1/2011,Fla.,FL,FL_2011
Georgia,85.2,28.1,11.3,1423322,181946,1832835,8937,37,33966,327,3021,3484391,239693,446572,466905,388056,375166,236614,84674,19023,147100,2011,1/1/2011,Ga.,GA,GA_2011
Hawaii,85.9,38.6,9.5,9513,5529,144192,48,0,2020,6587,244,168133,2818,5140,6632,8734,29500,79071,102778,20027,487400,2011,1/1/2011,Hawaii,HI,HI_2011
Idaho,86,27.8,7,293858,29016,191360,11233,558,48446,41,4020,578532,30564,59260,91271,86189,77400,38132,12331,3669,158800,2011,1/1/2011,Idaho,ID,ID_2011
Illinois,89.4,29.9,13.8,3775580,192536,691344,11401,910,24902,485,22770,4719928,224056,493848,523741,549647,681656,494325,180295,42714,178500,2011,1/1/2011,Ill.,IL,IL_2011
Indiana,88.1,19.2,9.2,1521983,174851,667930,24780,3656,54510,641,13090,2461441,175877,468182,432559,291874,212994,104416,27304,6856,122400,2011,1/1/2011,Ind.,IN,IN_2011
Iowa,90.8,16.6,8.5,776366,164825,228200,11212,127,18963,501,11425,1211619,101321,225583,212034,145653,126054,52369,13343,4011,123400,2011,1/1/2011,Iowa,IA,IA_2011
Kansas,89,19.2,9.5,741873,85669,245189,1143,60,20305,152,5951,1100342,104151,178990,153637,127429,110083,51362,18384,3043,128300,2011,1/1/2011,Kans.,KS,KS_2011
Kentucky,86.5,20.8,9.3,653976,111448,824169,20656,4913,48585,157,5183,1669087,176443,282927,262852,174442,152191,71365,23430,7829,120600,2011,1/1/2011,Ky.,KY,KY_2011
Louisiana,86,22.8,9.4,600835,46531,1037631,759,86,11052,124,1334,1698352,177502,224450,205634,213048,183893,91548,28457,6162,139400,2011,1/1/2011,La.,LA,LA_2011
Maine,76.1,26.8,12.9,27427,42224,24723,379409,2005,68055,307,6480,550630,32701,53517,68586,79594,86169,50532,16131,4467,171600,2011,1/1/2011,Maine,ME,ME_2011
Maryland,89.3,27.7,13,941650,66964,856488,223651,2002,28097,203,9752,2128807,42003,57403,104180,175443,389609,420659,211492,36658,287100,2011,1/1/2011,Md.,MD,MD_2011
Massachusetts,89.8,29.1,18.2,1242643,65582,354007,806422,3076,40356,893,13919,2526898,30088,28017,70346,151080,408182,578071,253835,53660,326300,2011,1/1/2011,Mass.,MA,MA_2011
Michigan,83.4,25.5,13.7,2921386,330972,296289,55621,1200,125518,431,27290,3758707,409930,707551,555568,444042,355727,163110,53442,16910,118100,2011,1/1/2011,Mich.,MI,MI_2011
Minnesota,89.1,23.7,10.5,1398239,209605,335268,61157,524,54503,378,24942,2084616,93527,165280,260784,336656,373386,214508,67978,13330,183500,2011,1/1/2011,Minn.,MN,MN_2011
Mississippi,84.3,26.5,10.8,330395,136201,591471,1796,88,17645,34,1411,1079041,162076,215691,137578,105128,85859,33903,10884,3544,99900,2011,1/1/2011,Miss.,MS,MS_2011
Missouri,86,21.7,10,1220931,226158,781226,6310,371,95401,376,6738,2337511,182035,342114,358607,285475,245415,126123,43297,9965,136900,2011,1/1/2011,Mo.,MO,MO_2011
Montana,82.6,29.2,9.5,223151,48919,85153,6439,600,35469,60,3690,403481,27857,33062,40811,49032,66328,36424,14932,6124,184100,2011,1/1/2011,Mont.,MT,MT_2011
Nebraska,90.3,17.4,10.2,462089,56743,182958,4455,33,9141,44,6535,721998,56014,109786,131205,80276,68345,29123,7714,1845,127400,2011,1/1/2011,Nebr.,NE,NE_2011
Nevada,83,33.4,11.2,605079,28705,320235,6691,0,13633,464,5254,980061,42568,96537,116695,102508,99502,69731,20367,5083,158000,2011,1/1/2011,Nev.,NV,NV_2011
New Hampshire,83.6,29.1,18.1,100958,74416,40613,252159,910,37084,280,7019,513439,17098,19370,30345,63568,130867,86309,18516,2997,237500,2011,1/1/2011,N.H.,NH,NH_2011
New Jersey,88.9,36.7,24.5,2342608,58315,360855,376568,750,11869,332,7917,3159214,41357,63421,110236,195020,504091,730874,355075,60406,324900,2011,1/1/2011,N.J.,NJ,NJ_2011
New Mexico,84.5,26.5,8.7,519168,68149,118622,651,510,49063,2243,7559,765965,69731,81042,90709,91268,99712,60655,23899,5988,159000,2011,1/1/2011,N.M.,NM,NM_2011
New York,88.5,32.7,18.3,4014222,222634,707016,1979067,17807,143287,2728,63609,7150370,202845,459748,439717,371084,525642,968073,700312,184266,285300,2011,1/1/2011,N.Y.,NY,NY_2011
North Carolina,84.4,25.7,11,913246,316541,2181593,176758,289,78065,737,5314,3672543,235309,445257,504555,440800,426697,267037,107192,23055,153700,2011,1/1/2011,N.C.,NC,NC_2011
North Dakota,88.3,11.7,9.4,116695,38371,107612,11884,1248,1774,110,3538,281232,31464,37799,39967,34396,28130,10875,2699,924,128600,2011,1/1/2011,N.D.,ND,ND_2011
Ohio,88.4,23,10.8,3047262,239213,988313,127981,2750,89761,1080,28917,4525277,279067,761773,753810,545150,434678,192706,57418,15111,129600,2011,1/1/2011,Ohio,OH,OH_2011
Oklahoma,86.1,21.1,9,787024,110279,504418,1803,34,26159,35,11183,1440935,155112,270158,211763,145300,110473,50959,17941,5292,112600,2011,1/1/2011,Okla.,OK,OK_2011
Oregon,90.1,30.8,12.4,579429,24758,743350,45312,139,108177,822,11489,1513476,56941,44858,97181,169029,258960,204990,76982,13071,232900,2011,1/1/2011,Ore.,OR,OR_2011
Pennsylvania,88.5,24.8,13.2,2516883,178387,1019764,973749,67685,137625,1545,28259,4923897,311456,608422,582288,607307,694111,453255,147860,26324,164800,2011,1/1/2011,Pa.,PA,PA_2011
Rhode Island,88.7,31.6,20.7,209106,7816,34511,151784,584,5860,75,1590,411326,4958,7226,20355,45194,88552,58318,21113,4038,245500,2011,1/1/2011,R.I.,RI,RI_2011
South Carolina,82,26.5,10.7,419203,80666,1212210,27260,360,21253,233,2701,1763886,178667,250489,246673,188106,182465,108299,52775,16000,136000,2011,1/1/2011,S.C.,SC,SC_2011
South Dakota,88.2,17.6,9.5,156765,55101,89439,10902,271,5408,64,3130,321080,35820,41148,49603,41142,31498,16648,3550,1973,131400,2011,1/1/2011,S.D.,SD,SD_2011
Tennessee,87.2,24.7,9.5,824727,111139,1455110,11216,788,55810,690,2863,2462343,175251,368115,365087,284681,253066,145889,52716,15271,138300,2011,1/1/2011,Tenn.,TN,TN_2011
Texas,87.6,23.7,11.1,3298684,306275,5144371,10754,971,37767,1900,15650,8816372,681452,1367087,1222597,880231,766593,430446,167308,52586,127700,2011,1/1/2011,Tex.,TX,TX_2011
Utah,89,24.9,6.8,761814,19908,84352,1418,1590,10522,362,3540,883506,26959,26429,91461,145824,178194,106601,30621,7410,207500,2011,1/1/2011,Utah,UT,UT_2011
Vermont,79.3,27.8,19.3,39163,39551,10855,122786,632,41261,98,2834,257180,8864,13566,22779,38349,53888,33400,10692,1914,213700,2011,1/1/2011,Vt.,VT,VT_2011
Virginia,88.3,24.7,9.5,1015166,130965,1544516,193983,2818,85610,367,9091,2982516,101719,157238,227513,297857,472822,448650,264164,43632,243100,2011,1/1/2011,Va.,VA,VA_2011
Washington,90.5,29.2,10.8,933332,81173,1408123,70733,351,115346,951,15789,2625798,74813,70279,150412,261683,451863,425748,188029,30885,256300,2011,1/1/2011,Wash.,WA,WA_2011
West Virginia,83.4,20.1,6.7,304399,33112,311821,24115,5059,50993,74,4713,734286,116571,151186,96834,72920,60314,23505,7575,2487,99300,2011,1/1/2011,W.Va.,WV,WV_2011
Wisconsin,86.4,24.7,12.9,1484849,246414,333466,74110,326,107814,765,20056,2267800,78524,217298,346112,336099,345047,165063,44831,10934,166700,2011,1/1/2011,Wis.,WI,WI_2011
Wyoming,83.8,19.7,7,130525,22887,51264,1052,981,13459,139,2204,222511,16642,15745,26185,32940,38414,19754,4699,2844,179900,2011,1/1/2011,Wyo.,WY,WY_2011
Alabama,83.5,25.2,11,560206,142625,1081259,4306,154,20094,165,2208,1811017,208621,310378,234497,196046,184026,96265,32919,10094,123900,2010,1/1/2010,Ala.,AL,AL_2010
Alaska,82.9,22.6,10.2,121979,3998,26546,84963,490,13879,49,1884,253788,9693,8379,16791,23954,52605,39770,10623,970,241400,2010,1/1/2010,Alaska,AK,AK_2010
Arizona,82,31.9,9.7,825209,70037,1358732,1562,192,48836,1620,6421,2312609,132496,219688,287123,273011,302113,205916,80032,22559,168800,2010,1/1/2010,Ariz.,AZ,AZ_2010
Arkansas,84.6,20.5,8.3,457999,95090,505009,1649,0,49607,116,3065,1112535,145083,209334,155711,102337,82169,41087,12097,3750,106300,2010,1/1/2010,Ark.,AR,AR_2010
California,90.7,40.9,11.8,8289619,393137,3042396,35932,824,218319,12423,43325,12035975,248954,298063,419388,568411,1131786,1909175,1808683,518715,370900,2010,1/1/2010,Calif.,CA,CA_2010
Colorado,88.5,28.5,9.1,1447926,100015,350502,2742,1728,39577,2073,10588,1955151,65851,64220,144628,216670,364358,289969,120208,26888,236600,2010,1/1/2010,Colo.,CO,CO_2010
Connecticut,91.3,31.4,19.9,427850,39533,203568,650621,936,26373,299,7110,1356290,15235,20429,55321,122528,278420,268859,120976,41849,288800,2010,1/1/2010,Conn.,CT,CT_2010
Delaware,80.9,27.8,11.9,132098,35077,99495,57073,160,2573,34,1407,327917,14371,9655,18239,39242,76971,63697,13843,3866,243600,2010,1/1/2010,Del.,DE,DE_2010
District of Columbia,85,29.1,12.6,162481,2490,75313,8389,64,0,0,1391,250128,1900,1501,2652,3697,18179,36089,31574,11601,426900,2010,1/1/2010,D.C.,DC,DC_2010
Florida,78.2,39.3,15.7,324544,87923,6492160,19536,314,13035,1628,3257,6942397,417072,824035,865077,843051,916653,605738,235301,87203,164200,2010,1/1/2010,Fla.,FL,FL_2010
Georgia,85.1,29.4,11.9,1439275,207419,1781234,9986,206,33175,390,1928,3473613,219956,384154,482204,429668,399461,265550,99952,23220,156200,2010,1/1/2010,Ga.,GA,GA_2010
Hawaii,85.7,40.4,9.7,9045,4321,140601,114,0,1325,5443,417,161266,2432,3985,5307,10781,30096,68795,113356,23781,525400,2010,1/1/2010,Hawaii,HI,HI_2010
Idaho,86.3,26.9,9.1,301227,31483,183522,13320,280,40437,249,4841,575359,33728,47008,88105,85408,82728,44443,15450,4662,165100,2010,1/1/2010,Idaho,ID,ID_2010
Illinois,89.7,30.4,13,3817215,201279,663759,10714,602,22983,843,19224,4736619,220260,447724,475280,541404,716510,560941,206599,50620,191800,2010,1/1/2010,Ill.,IL,IL_2010
Indiana,88.3,20,7.9,1527016,179701,659543,29396,3344,53848,646,12114,2465608,173940,467179,437693,292678,223734,103555,30907,7065,123300,2010,1/1/2010,Ind.,IN,IN_2010
Iowa,91.5,18.1,8.3,787742,166138,220296,9510,109,19924,184,13059,1216962,105709,227064,216682,141492,124543,51159,15084,3551,123400,2010,1/1/2010,Iowa,IA,IA_2010
Kansas,89.3,19,9.2,763181,88994,222889,1449,81,18266,69,5133,1100062,107732,184281,146813,132318,110637,49604,14716,3806,127300,2010,1/1/2010,Kans.,KS,KS_2010
Kentucky,87.3,22.3,8.7,655820,111306,835138,20121,5026,49069,360,5082,1681922,184545,275819,257901,181843,156315,70901,22227,6741,121600,2010,1/1/2010,Ky.,KY,KY_2010
Louisiana,85.9,23.5,9,629224,44519,997933,1019,165,11616,147,1412,1686035,178784,229868,210904,207466,188742,91591,27013,7136,137500,2010,1/1/2010,La.,LA,LA_2010
Maine,75.5,25.3,13.5,23135,36617,27813,384021,1297,65520,446,5177,544026,27006,56964,63119,79468,97765,50356,17051,4666,179100,2010,1/1/2010,Maine,ME,ME_2010
Maryland,89.4,28.6,13,947948,63253,832013,240788,2006,26358,313,8768,2121447,40489,47624,81635,149102,390341,451871,225771,39434,301400,2010,1/1/2010,Md.,MD,MD_2010
Massachusetts,89.7,29.9,17,1234502,70046,341806,810266,3149,38813,880,14235,2513697,27170,24155,62225,138386,402289,592151,266952,55054,334100,2010,1/1/2010,Mass.,MA,MA_2010
Michigan,84,27.9,13.3,2955744,331330,284011,61775,986,128481,693,29960,3792980,379932,682043,600830,470279,380086,184703,55534,16067,123300,2010,1/1/2010,Mich.,MI,MI_2010
Minnesota,89.1,24.2,10.2,1404878,214285,312238,65801,354,54493,237,26135,2078421,88397,139498,236063,334189,405273,234759,75432,13717,194300,2010,1/1/2010,Minn.,MN,MN_2010
Mississippi,84.6,27.2,10.3,347171,146694,564029,1863,0,17256,37,933,1077983,162506,214040,137185,103728,83643,37162,10342,4768,100100,2010,1/1/2010,Miss.,MS,MS_2010
Missouri,86.6,22.4,9.4,1235745,236581,765714,6187,38,92774,354,8606,2345999,183965,346005,353035,293297,261674,127638,44276,11481,139000,2010,1/1/2010,Mo.,MO,MO_2010
Montana,83.4,28.2,8.8,224327,51997,79763,6655,955,34549,383,3410,402039,31260,35202,37202,54383,65112,39755,12973,4746,181200,2010,1/1/2010,Mont.,MT,MT_2010
Nebraska,90.2,19,9.3,455836,55346,181557,5469,44,11297,194,7090,716833,55042,113289,134781,79083,67716,25162,7791,1785,127600,2010,1/1/2010,Nebr.,NE,NE_2010
Nevada,84.2,35.3,12.6,638719,31061,288359,8664,656,15273,504,4024,987260,39371,74463,103169,107679,129477,78388,25961,7361,174800,2010,1/1/2010,Nev.,NV,NV_2010
New Hampshire,83.8,30.3,18.3,100857,70863,41909,253772,416,40272,85,4752,512926,16865,17565,31748,54214,134721,87240,22841,4254,243000,2010,1/1/2010,N.H.,NH,NH_2010
New Jersey,89.2,36.5,24,2344455,63241,343112,392540,676,11886,325,8439,3164674,37703,57252,95722,180945,489118,789573,392987,63428,339200,2010,1/1/2010,N.J.,NJ,NJ_2010
New Mexico,84.8,27.5,9,520740,74284,110797,1008,234,50925,2288,4052,764328,71265,78955,84542,91287,105370,57569,24944,5932,161200,2010,1/1/2010,N.M.,NM,NM_2010
New York,88.8,32.6,17.7,3961085,227607,676262,2068004,19949,143242,1823,61664,7159636,203287,472887,424871,355932,511830,984120,764619,186577,296500,2010,1/1/2010,N.Y.,NY,NY_2010
North Carolina,84.7,26.3,11.8,915058,330382,2133012,196475,1105,77417,898,5676,3660023,243876,443529,501594,428981,433446,276092,111636,26397,154200,2010,1/1/2010,N.C.,NC,NC_2010
North Dakota,88.2,12.6,7.9,112756,41337,104750,12532,828,1632,73,4035,277943,36488,38600,39766,34559,26773,8697,1951,839,123000,2010,1/1/2010,N.D.,ND,ND_2010
Ohio,88.2,23.6,10.6,3078580,245719,927014,130937,4342,93479,802,29949,4510822,268033,724887,780103,570128,470439,212034,54666,14907,134400,2010,1/1/2010,Ohio,OH,OH_2010
Oklahoma,86,21.5,8.5,799757,110248,476597,1512,140,28411,55,14278,1430998,164106,264491,226546,137972,108184,49790,15452,4837,111400,2010,1/1/2010,Okla.,OK,OK_2010
Oregon,89.9,32.1,11.1,575902,23995,735319,50177,0,105601,511,11225,1502730,62096,41236,82109,145294,287427,228343,82948,13221,244500,2010,1/1/2010,Ore.,OR,OR_2010
Pennsylvania,88.6,24.8,12.4,2530446,177562,997925,993832,67764,126074,597,29423,4923623,311217,619718,590335,573732,708723,472616,154846,30491,165500,2010,1/1/2010,Pa.,PA,PA_2010
Rhode Island,86.8,34.4,18.1,197703,7793,35706,151847,125,7084,0,814,401072,5483,3922,14673,44147,89682,61358,20056,5195,254500,2010,1/1/2010,R.I.,RI,RI_2010
South Carolina,82.3,26.4,11.2,414416,83848,1207780,30874,0,17808,219,1822,1756767,170091,244748,244565,189710,180891,113259,50050,16846,138100,2010,1/1/2010,S.C.,SC,SC_2010
South Dakota,87.6,16.7,9.1,155638,53407,85447,9105,276,7259,119,5588,316839,36338,42972,47413,39511,28859,16033,4152,1543,129700,2010,1/1/2010,S.D.,SD,SD_2010
Tennessee,86.7,25.1,8.9,826781,112833,1427914,15335,1307,49790,282,2114,2436356,170505,360822,376715,282894,249522,155237,52731,14342,139000,2010,1/1/2010,Tenn.,TN,TN_2010
Texas,87.4,24.7,10.5,3315579,326201,4989013,10062,311,41677,332,17206,8700381,680245,1358574,1222397,896578,752623,432512,165839,47135,128100,2010,1/1/2010,Tex.,TX,TX_2010
Utah,89.6,25.9,6,751818,21259,89581,1919,1432,10793,287,2166,879255,24649,22960,81238,138293,195339,111247,35354,6062,217200,2010,1/1/2010,Utah,UT,UT_2010
Vermont,79.6,28.2,18.5,41357,35529,13667,122832,597,38777,122,3182,256063,9177,11589,22451,37533,52768,34213,10520,2596,216800,2010,1/1/2010,Vt.,VT,VT_2010
Virginia,88.8,25.4,9.5,1027967,138687,1514678,208176,3242,83925,130,7582,2984387,115034,139388,209587,289468,478667,469334,280134,43628,249100,2010,1/1/2010,Va.,VA,VA_2010
Washington,90.2,30.3,10.8,924131,84272,1384990,73380,304,115190,680,17115,2600062,72372,64396,132808,217717,457298,456593,206915,36840,271800,2010,1/1/2010,Wash.,WA,WA_2010
West Virginia,84.1,18.6,6.7,317757,35512,302804,28559,5609,46066,331,4254,740892,122812,167253,92746,73238,63360,25368,5653,2999,95100,2010,1/1/2010,W.Va.,WV,WV_2010
Wisconsin,86.8,25.7,11.9,1488259,250022,320964,81908,308,106608,345,22028,2270442,79716,213097,336426,337190,363355,176687,49405,10163,169400,2010,1/1/2010,Wis.,WI,WI_2010
Wyoming,84.9,19.9,6,142370,22173,42659,922,906,11071,445,1855,222401,16358,14804,25104,33687,38232,17281,6739,3073,180100,2010,1/1/2010,Wyo.,WY,WY_2010
